0,0.1174
156,4.5575
312,8.9122
468,13.3256
624,17.6003
780,21.7469
936,25.728
1092,29.5224
1248,33.1033
1404,36.5561
1560,39.9342
1716,43.2269
1872,46.4235
2028,49.4708
2184,52.534
2340,55.4905
2496,58.351
2652,61.1314
2808,63.7143
2964,66.2866
3120,68.8482
3276,71.3671
3432,73.7739
3588,76.0046
3744,78.1286
3900,80.0498
4056,81.7308
4212,83.1184
4368,84.2978
4524,85.1837
4680,85.6906
4836,85.8934
4992,85.8828
5148,85.6426
5304,85.1356
5460,84.4312
5616,83.4919
5772,82.2698
5928,80.7542
6084,79.0038
6240,77.2481
6396,75.4336
6552,73.5284
6708,71.5165
6864,69.4299
7020,67.2312
7176,64.9417
7332,62.4815
7488,59.8506
7644,57.1822
7800,54.3752
7956,51.4133
8112,48.2594
8268,44.9826
8424,41.5832
8580,38.0824
8736,34.304
8892,30.3549
9048,26.299
9204,22.0724
9360,17.7284
9516,13.363
9672,8.9656
9828,4.5682
9984,0.1548
10140,-4.2586
10296,-8.592
10452,-12.9894
10608,-17.2747
10764,-21.4533
10920,-25.4825
11076,-29.3249
11232,-32.9485
11388,-36.4227
11544,-39.8274
11700,-43.1895
11856,-46.3915
12012,-49.4601
12168,-52.566
12324,-55.5012
12480,-58.383
12636,-61.1367
12792,-63.7143
12948,-66.2812
13104,-68.8268
13260,-71.3297
13416,-73.7259
13572,-75.9406
13728,-78.0646
13884,-79.9964
14040,-81.7255
14196,-83.1397
14352,-84.3511
14508,-85.2424
14664,-85.7707
14820,-85.9842
14976,-85.9735
15132,-85.728
15288,-85.2317
15444,-84.5219
15600,-83.556
15756,-82.3179
15912,-80.7649
16068,-78.9931
16224,-77.2107
16380,-75.3909
16536,-73.4964
16692,-71.5111
16848,-69.4565
17004,-67.2952
17160,-65.0325
17316,-62.6203
17472,-60.0053
17628,-57.385
17784,-54.6046
17940,-51.6588
18096,-48.5475
18252,-45.2762
18408,-41.8714
18564,-38.3332
18720,-34.5068
18876,-30.499
19032,-26.3897
19188,-22.1311
19344,-17.7657
19500,-13.3523
19656,-8.9122
19812,-4.4721
19968,-0.0267
20124,4.4081
20280,8.7735
20436,13.1549
20592,17.4242
20748,21.5814
20904,25.5732
21060,29.3836
21216,32.9752
21372,36.428
21528,39.8114
21684,43.0935
21840,46.2955
21996,49.3374
22152,52.4113
22308,55.3624
22464,58.2122
22620,60.9926
22776,63.5862
22932,66.1798
23088,68.7521
23244,71.2924
23400,73.6992
23556,75.9246
23712,78.0379
23868,79.9591
24024,81.6721
24180,83.0757
24336,84.2657
24492,85.1676
24648,85.6853
24804,85.8934
24960,85.8881
25116,85.6533
25272,85.141
25428,84.4312
25584,83.4866
25740,82.2912
25896,80.7863
26052,79.0358
26208,77.2801
26364,75.4709
26520,73.5658
26676,71.5645
26832,69.4672
26988,67.2792
27144,65.0004
27300,62.5669
27456,59.936
27612,57.2996
27768,54.4872
27924,51.5147
28080,48.3821
28236,45.1214
28392,41.754
28548,38.2745
28704,34.4748
28860,30.531
29016,26.4751
29172,22.2645
29328,17.9418
29484,13.5871
29640,9.2057
29796,4.8083
29952,0.3789
30108,-4.0292
30264,-8.3785
30420,-12.7653
30576,-17.0559
30732,-21.2345
30888,-25.2637
31044,-29.1168
31200,-32.7564
31356,-36.2679
31512,-39.678
31668,-43.0401
31824,-46.2314
31980,-49.316
32136,-52.4433
32292,-55.3891
32448,-58.2816
32604,-61.0193
32760,-63.5916
32916,-66.1692
33072,-68.7414
33228,-71.2603
33384,-73.6832
33540,-75.8979
33696,-78.0272
33852,-79.9537
34008,-81.6775
34164,-83.113
34320,-84.3245
34476,-85.2263
34632,-85.7654
34788,-85.9895
34944,-85.9948
35100,-85.7493
35256,-85.2637
35412,-84.5486
35568,-83.5827
35724,-82.3552
35880,-80.8129
36036,-79.0678
36192,-77.3014
36348,-75.4923
36504,-73.6085
36660,-71.6232
36816,-69.5579
36972,-67.3806
37128,-65.1232
37284,-62.7377
37440,-60.1548
37596,-57.5291
37752,-54.7487
37908,-51.7976
38064,-48.6649
38220,-45.3882
38376,-42.0048
38532,-38.4719
38688,-34.6936
38844,-30.6751
39000,-26.5765
39156,-22.2965
39312,-17.9151
39468,-13.5124
39624,-9.0776
39780,-4.6482
39936,-0.2081
40092,4.2266
40248,8.5813
40404,12.9894
40560,17.2801
40716,21.4267
40872,25.4345
41028,29.2555
41184,32.8578
41340,36.3106
41496,39.6994
41652,42.9707
41808,46.1674
41964,49.252
42120,52.3045
42276,55.2877
42432,58.1535
42588,60.9446
42744,63.5222
42900,66.0998
43056,68.6614
43212,71.1909
43368,73.6138
43524,75.8552
43680,77.9898
43836,79.9217
43992,81.6401
44148,83.0437
44304,84.2231
44460,85.1196
44616,85.6533
44772,85.8828
44928,85.8988
45084,85.68
45240,85.1783
45396,84.4685
45552,83.5453
45708,82.3392
45864,80.8343
46020,79.0785
46176,77.3334
46332,75.5563
46488,73.6832
46644,71.6766
46800,69.5846
46956,67.4019
47112,65.1285
47268,62.695
47424,60.0694
47580,57.4224
47736,54.6206
47892,51.6535
48048,48.5315
48204,45.2655
48360,41.8874
48516,38.3919
48672,34.6135
48828,30.6537
48984,26.6032
49140,22.3819
49296,18.0432
49452,13.6725
49608,9.2964
49764,4.9044
49920,0.491
50076,-3.9224
50232,-8.2825
50388,-12.6746
50544,-16.9812
50700,-21.1598
50856,-25.1943
51012,-29.0421
51168,-32.6763
51324,-36.1825
51480,-39.598
51636,-42.9707
51792,-46.1727
51948,-49.2573
52104,-52.3686
52260,-55.3358
52416,-58.2175
52572,-60.9659
52728,-63.5382
52884,-66.1051
53040,-68.656
53196,-71.1536
53352,-73.5498
53508,-75.7698
53664,-77.9045
53820,-79.847
53976,-81.5868
54132,-83.0223
54288,-84.2444
54444,-85.173
54600,-85.7173
54756,-85.9628
54912,-85.9788
55068,-85.76
55224,-85.285
55380,-84.5806
55536,-83.6414
55692,-82.4246
55848,-80.8716
56004,-79.1052
56160,-77.3334
56316,-75.5243
56472,-73.6405
56628,-71.6606
56784,-69.5953
56940,-67.4179
57096,-65.1552
57252,-62.7644
57408,-60.1814
57564,-57.5718
57720,-54.8074
57876,-51.8669
58032,-48.7557
58188,-45.5003
58344,-42.1169
58500,-38.6053
58656,-34.8056
58812,-30.8245
58968,-26.726
59124,-22.462
59280,-18.0859
59436,-13.6618
59592,-9.2217
59748,-4.7816
59904,-0.3522
60060,4.0665
60216,8.4212
60372,12.824
60528,17.12
60684,21.2932
60840,25.2957
60996,29.1221
61152,32.719
61308,36.1718
61464,39.5606
61620,42.8533
61776,46.0607
61932,49.1186
62088,52.2031
62244,55.133
62400,58.0148
62556,60.7898
62712,63.3941
62868,65.9824
63024,68.5546
63180,71.0735
63336,73.4964
63492,75.7378
63648,77.8778
63804,79.8203
63960,81.5547
64116,82.9903
64272,84.207
64428,85.1143
64584,85.6586
64740,85.8828
64896,85.9148
65052,85.696
65208,85.1943
65364,84.5059
65520,83.604
65676,82.4139
65832,80.9143
65988,79.1639
66144,77.4081
66300,75.6044
66456,73.7099
66612,71.7246
66768,69.6487
66924,67.4713
67080,65.2032
67236,62.7804
67392,60.1281
67548,57.4971
67704,54.706
67860,51.7549
68016,48.6383
68172,45.3829
68328,42.0208
68484,38.5413
68640,34.763
68796,30.8085
68952,26.774
69108,22.574
69264,18.2514
69420,13.8806
69576,9.4832
69732,5.0805
69888,0.6671
70044,-3.741
70200,-8.0904
70356,-12.4824
70512,-16.7838
70668,-20.9784
70824,-25.0289
70980,-28.9193
71136,-32.5589
71292,-36.0598
71448,-39.4752
71604,-42.848
71760,-46.0553
71916,-49.1292
72072,-52.2512
72228,-55.213
72384,-58.0841
72540,-60.8325
72696,-63.4048
72852,-65.9824
73008,-68.5386
73164,-71.0415
73320,-73.443
73476,-75.6631
73632,-77.7924
73788,-79.7616
73944,-81.5067
74100,-82.9583
74256,-84.207
74412,-85.1463
74568,-85.7173
74724,-85.9681
74880,-85.9895
75036,-85.7814
75192,-85.3064
75348,-84.6126
75504,-83.6734
75660,-82.4673
75816,-80.9464
75972,-79.1906
76128,-77.4081
76284,-75.6044
76440,-73.7099
76596,-71.7299
76752,-69.6753
76908,-67.5247
77064,-65.2726
77220,-62.8925
77376,-60.3202
77532,-57.6839
77688,-54.9462
77844,-52.011
78000,-48.9104
78156,-45.6657
78312,-42.277
78468,-38.7601
78624,-34.9764
78780,-30.9686
78936,-26.8754
79092,-22.6221
79248,-18.2674
79404,-13.8593
79560,-9.4245
79716,-4.9738
79872,-0.539
80028,3.9064
80184,8.2451
80340,12.6372
80496,16.9225
80652,21.0905
80808,25.125
80964,28.946
81120,32.5643
81276,36.0384
81432,39.4379
81588,42.7199
81744,45.9219
81900,49.0065
82056,52.0804
82212,55.0636
82368,57.9347
82524,60.7204
82680,63.3034
82836,65.881
82992,68.4532
83148,70.9882
83304,73.4217
83460,75.6631
83616,77.7924
83772,79.7456
83928,81.48
84084,82.9102
84240,84.127
84396,85.0556
84552,85.6213
84708,85.8774
84864,85.9148
85020,85.712
85176,85.2263
85332,84.5272
85488,83.6307
85644,82.446
85800,80.9677
85956,79.228
86112,77.4775
86268,75.6844
86424,73.8006
86580,71.8047
86736,69.718
86892,67.5407
87048,65.2619
87204,62.8391
87360,60.2295
87516,57.5771
87672,54.7968
87828,51.8563
87984,48.7397
88140,45.495
88296,42.1222
88452,38.6534
88608,34.9017
88764,30.9633
88920,26.9288
89076,22.7288
89232,18.4275
89388,14.0781
89544,9.6914
89700,5.2993
89856,0.8805
90012,-3.5329
90168,-7.8876
90324,-12.2796
90480,-16.5756
90636,-20.7596
90792,-24.8048
90948,-28.7059
91104,-32.3668
91260,-35.8837
91416,-39.3098
91572,-42.6986
91728,-45.9166
91884,-48.9958
92040,-52.1124
92196,-55.1009
92352,-57.9827
92508,-60.7471
92664,-63.3194
92820,-65.8917
92976,-68.4532
93132,-70.9668
93288,-73.3843
93444,-75.6204
93600,-77.7604
93756,-79.7136
93912,-81.464
94068,-82.9263
94224,-84.1804
94380,-85.1356
94536,-85.7066
94692,-85.9681
94848,-86.0108
95004,-85.8134
95160,-85.3544
95316,-84.6607
95472,-83.7214
95628,-82.5153
95784,-81.0051
95940,-79.26
96096,-77.4882
96252,-75.6791
96408,-73.8059
96564,-71.842
96720,-69.7821
96876,-67.6207
97032,-65.374
97188,-62.9939
97344,-60.4376
97500,-57.812
97656,-55.0636
97812,-52.1391
97968,-49.0492
98124,-45.7885
98280,-42.405
98436,-38.8775
98592,-35.1045
98748,-31.1127
98904,-27.0141
99060,-22.7715
99216,-18.4115
99372,-14.0087
99528,-9.5633
99684,-5.1179
99840,-0.6884
99996,3.7303
100152,8.0744
100308,12.4718
100464,16.7678
100620,20.941
100776,24.9809
100932,28.8339
101088,32.4629
101244,35.9157
101400,39.3151
101556,42.6399
101712,45.8525
101868,48.9104
102024,51.995
102180,54.9729
102336,57.8493
102492,60.6511
102648,63.25
102804,65.8169
102960,68.3785
103116,70.8974
103272,73.3203
103428,75.567
103584,77.707
103740,79.6709
103896,81.432
104052,82.8729
104208,84.1163
104364,85.0502
104520,85.6213
104676,85.8721
104832,85.9094
104988,85.7227
105144,85.253
105300,84.586
105456,83.6894
105612,82.51
105768,81.0531
105924,79.308
106080,77.5522
106236,75.7538
106392,73.8806
106548,71.8901
106704,69.8301
106860,67.6527
107016,65.39
107172,62.9778
107328,60.3309
107484,57.7052
107640,54.9302
107796,51.979
107952,48.8731
108108,45.623
108264,42.261
108420,38.8135
108576,35.0405
108732,31.1127
108888,27.0728
109044,22.8676
109200,18.5609
109356,14.2115
109512,9.8194
109668,5.4167
109824,1.0033
109980,-3.4101
110136,-7.7595
110292,-12.1569
110448,-16.4742
110604,-20.6689
110760,-24.7354
110916,-28.6311
111072,-32.2921
111228,-35.7983
111384,-39.2244
111540,-42.6025
111696,-45.8098
111852,-48.8944
112008,-52.0164
112164,-54.9569
112320,-57.8547
112476,-60.6457
112632,-63.218
112788,-65.7796
112944,-68.3198
113100,-70.8334
113256,-73.2509
113412,-75.4923
113568,-77.643
113724,-79.6282
113880,-81.3946
114036,-82.8675
114192,-84.143
114348,-85.1089
114504,-85.7013
114660,-85.9628
114816,-86.0055
114972,-85.8134
115128,-85.3598
115284,-84.682
115440,-83.7481
115596,-82.5473
115752,-81.0531
115908,-79.2973
116064,-77.5309
116220,-75.7218
116376,-73.8379
116532,-71.8634
116688,-69.8248
116844,-67.6741
117000,-65.4327
117156,-63.0579
117312,-60.507
117468,-57.8813
117624,-55.149
117780,-52.2405
117936,-49.1612
118092,-45.9272
118248,-42.5705
118404,-39.0376
118560,-35.2646
118716,-31.2675
118872,-27.1849
119028,-22.9529
119184,-18.5929
119340,-14.1848
119496,-9.7501
119652,-5.31
119808,-0.8645
119964,3.5862
120120,7.9463
120276,12.3437
120432,16.6343
120588,20.8023
120744,24.8261
120900,28.6632
121056,32.2814
121212,35.7609
121368,39.1657
121524,42.4691
121680,45.6711
121836,48.729
121992,51.8189
122148,54.7968
122304,57.6572
122460,60.4536
122616,63.0792
122772,65.6408
122928,68.2024
123084,70.732
123240,73.1815
123396,75.4389
123552,77.5789
123708,79.5588
123864,81.3146
124020,82.7662
124176,84.0096
124332,84.9542
124488,85.5572
124644,85.8241
124800,85.8561
124956,85.68
125112,85.2157
125268,84.5593
125424,83.6841
125580,82.5207
125736,81.0904
125892,79.3507
126048,77.6003
126204,75.8285
126360,73.9713
126516,71.9968
126672,69.9155
126828,67.7595
126984,65.5074
127140,63.1006
127296,60.4856
127452,57.844
127608,55.0796
127764,52.1444
127920,49.0438
128076,45.7938
128232,42.4211
128388,38.9522
128544,35.2166
128700,31.2514
128856,27.2436
129012,23.0704
129168,18.769
129324,14.4143
129480,10.0169
129636,5.6248
129792,1.2221
129948,-3.1913
130104,-7.546
130260,-11.9274
130416,-16.2394
130572,-20.4394
130728,-24.5219
130884,-28.423
131040,-32.1053
131196,-35.6168
131352,-39.0376
131508,-42.4317
131664,-45.6764
131820,-48.7663
131976,-51.8669
132132,-54.8715
132288,-57.7639
132444,-60.5443
132600,-63.1273
132756,-65.6942
132912,-68.2558
133068,-70.7694
133224,-73.1975
133380,-75.4336
133536,-77.5789
133692,-79.5535
133848,-81.3359
134004,-82.8142
134160,-84.1057
134316,-85.0716
134472,-85.664
134628,-85.9308
134784,-85.9842
134940,-85.7974
135096,-85.3598
135252,-84.6873
135408,-83.7908
135564,-82.6167
135720,-81.1438
135876,-79.3987
136032,-77.6163
136188,-75.8232
136344,-73.9447
136500,-71.9808
136656,-69.9368
136812,-67.8022
136968,-65.5661
137124,-63.186
137280,-60.6244
137436,-58.0094
137592,-55.2771
137748,-52.3526
137904,-49.268
138060,-46.018
138216,-42.6612
138372,-39.1657
138528,-35.3927
138684,-31.4169
138840,-27.3237
138996,-23.0864
139152,-18.7423
139308,-14.3503
139464,-9.9262
139620,-5.4861
139776,-1.0513
139932,3.3834
140088,7.7381
140244,12.1302
140400,16.4422
140556,20.6155
140712,24.65
140868,28.5137
141024,32.1533
141180,35.6488
141336,39.043
141492,42.3463
141648,45.5537
141804,48.6329
141960,51.7282
142116,54.706
142272,57.5878
142428,60.4002
142584,63.0205
142740,65.5875
142896,68.1597
143052,70.684
143208,73.1335
143364,75.4016
143520,77.5576
143676,79.5428
143832,81.3039
143988,82.7555
144144,84.0149
144300,84.9702
144456,85.5732
144612,85.8401
144768,85.8881
144924,85.728
145080,85.2584
145236,84.5966
145392,83.7214
145548,82.574
145704,81.1545
145860,79.4361
146016,77.6803
146172,75.8979
146328,74.0461
146484,72.0608
146640,69.9955
146796,67.8449
146952,65.5875
147108,63.186
147264,60.5603
147420,57.924
147576,55.1703
147732,52.2405
147888,49.1346
148044,45.8792
148200,42.5224
148356,39.0696
148512,35.334
148668,31.4062
148824,27.3824
148980,23.2091
149136,18.9078
149292,14.5691
149448,10.1823
149604,5.7903
149760,1.3769
149916,-3.0419
150072,-7.3966
150228,-11.7833
150384,-16.1007
150540,-20.306
150696,-24.3832
150852,-28.2896
151008,-31.9612
151164,-35.4994
151320,-38.9255
151476,-42.3357
151632,-45.5643
151788,-48.6436
151944,-51.7709
152100,-54.7541
152256,-57.6359
152412,-60.4323
152568,-63.0152
152724,-65.5768
152880,-68.133
153036,-70.6306
153192,-73.0695
153348,-75.3108
153504,-77.4669
153660,-79.4468
153816,-81.2239
153972,-82.7235
154128,-84.0256
154284,-85.0129
154440,-85.6373
154596,-85.9148
154752,-85.9788
154908,-85.8134
155064,-85.3971
155220,-84.714
155376,-83.8335
155532,-82.6754
155688,-81.2025
155844,-79.4681
156000,-77.675
156156,-75.8765
156312,-74.014
156468,-72.0448
156624,-70.0062
156780,-67.8876
156936,-65.6568
157092,-63.2874
157248,-60.7258
157404,-58.0948
157560,-55.3624
157716,-52.4806
157872,-49.3961
158028,-46.162
158184,-42.8
158340,-39.3151
158496,-35.5581
158652,-31.561
158808,-27.4891
158964,-23.2731
159120,-18.9291
159276,-14.5424
159432,-10.129
159588,-5.6995
159744,-1.2648
159900,3.1806
160056,7.5354
160212,11.9274
160368,16.2234
160524,20.4074
160680,24.4579
160836,28.327
160992,31.9666
161148,35.4567
161304,38.8615
161460,42.1862
161616,45.4042
161772,48.4835
161928,51.5894
162084,54.5779
162240,57.4597
162396,60.2775
162552,62.8925
162708,65.4701
162864,68.037
163020,70.5719
163176,73.0161
163332,75.2895
163488,77.4508
163644,79.4361
163800,81.1972
163956,82.6648
164112,83.9402
164268,84.9115
164424,85.5305
164580,85.808
164736,85.8561
164892,85.712
165048,85.269
165204,84.6073
165360,83.7534
165516,82.6221
165672,81.2239
165828,79.4948
165984,77.739
166140,75.9566
166296,74.0994
166452,72.1462
166608,70.0916
166764,67.9409
166920,65.6942
167076,63.3087
167232,60.6991
167388,58.0574
167544,55.3037
167700,52.3899
167856,49.3053
168012,46.0767
168168,42.7252
168324,39.2618
168480,35.5314
168636,31.5876
168792,27.5585
168948,23.3745
169104,19.0839
169260,14.7345
169416,10.3424
169572,5.929
169728,1.5103
169884,-2.8978
170040,-7.2472
170196,-11.6286
170352,-15.9459
170508,-20.1352
170664,-24.2017
170820,-28.1082
170976,-31.8011
171132,-35.318
171288,-38.7494
171444,-42.1275
171600,-45.3669
171756,-48.4675
171912,-51.5734
172068,-54.61
172224,-57.4971
172380,-60.3095
172536,-62.9031
172692,-65.4647
172848,-68.0263
173004,-70.5452
173160,-72.9894
173316,-75.2415
173472,-77.3868
173628,-79.388
173784,-81.1812
173940,-82.6754
174096,-83.9722
174252,-84.9809
174408,-85.6266
174564,-85.9255
174720,-85.9842
174876,-85.8241
175032,-85.4185
175188,-84.7621
175344,-83.8815
175500,-82.7128
175656,-81.2772
175812,-79.5375
175968,-77.7604
176124,-75.9566
176280,-74.0781
176436,-72.1249
176592,-70.1023
176748,-67.9729
176904,-65.7316
177060,-63.3728
177216,-60.8378
177372,-58.2122
177528,-55.4959
177684,-52.5981
177840,-49.5295
177996,-46.3168
178152,-42.9601
178308,-39.5019
178464,-35.7396
178620,-31.7744
178776,-27.6919
178932,-23.4599
179088,-19.1159
179244,-14.7292
179400,-10.3158
179556,-5.865
179712,-1.4195
179868,3.0312
180024,7.3966
180180,11.7833
180336,16.1007
180492,20.29
180648,24.3351
180804,28.2149
180960,31.8652
181116,35.3553
181272,38.7601
181428,42.0688
181584,45.2762
181740,48.3661
181896,51.4507
182052,54.4499
182208,57.337
182364,60.1761
182520,62.8071
182676,65.374
182832,67.9356
182988,70.4758
183144,72.936
183300,75.2094
183456,77.3708
183612,79.3667
183768,81.1491
183924,82.6381
184080,83.9082
184236,84.8955
184392,85.5252
184548,85.8187
184704,85.8828
184860,85.7333
185016,85.3011
185172,84.6713
185328,83.8228
185484,82.6808
185640,81.2879
185796,79.5642
185952,77.8191
186108,76.0473
186264,74.1848
186420,72.2263
186576,70.1717
186732,68.0263
186888,65.7796
187044,63.3994
187200,60.7952
187356,58.1588
187512,55.4105
187668,52.4806
187824,49.4067
187980,46.1781
188136,42.8427
188292,39.4058
188448,35.6862
188604,31.7691
188760,27.7453
188916,23.5827
189072,19.2707
189228,14.9159
189384,10.5452
189540,6.1585
189696,1.7504
189852,-2.6683
190008,-7.0337
190164,-11.4204
190320,-15.7431
190476,-19.9537
190632,-24.0416
190788,-27.9641
190944,-31.6624
191100,-35.1899
191256,-38.632
191412,-42.0368
191568,-45.2815
191724,-48.3714
191880,-51.456
192036,-54.4872
192192,-57.385
192348,-60.1921
192504,-62.8017
192660,-65.3633
192816,-67.9196
192972,-70.4331
193128,-72.872
193284,-75.1347
193440,-77.2854
193596,-79.2867
193752,-81.0851
193908,-82.6007
194064,-83.9189
194220,-84.9275
194376,-85.5732
194532,-85.8988
194688,-85.9735
194844,-85.8134
195000,-85.4078
195156,-84.7674
195312,-83.8975
195468,-82.7448
195624,-81.3359
195780,-79.5962
195936,-77.8137
196092,-76.0313
196248,-74.1635
196404,-72.2209
196560,-70.1877
196716,-68.0637
196872,-65.833
197028,-63.4848
197184,-60.9659
197340,-58.335
197496,-55.6346
197652,-52.7475
197808,-49.6842
197964,-46.4556
198120,-43.1041
198276,-39.6086
198432,-35.9263
198588,-31.9666
198744,-27.9054
198900,-23.6894
199056,-19.3454
199212,-14.9426
199368,-10.5132
199524,-6.0784
199680,-1.6437
199836,2.7804
199992,7.1458
200148,11.5325
200304,15.8659
200460,20.0605
200616,24.1323
200772,28.0228
200928,31.6944
201084,35.1899
201240,38.584
201396,41.9354
201552,45.1641
201708,48.2914
201864,51.2906
202020,54.3165
202176,57.1982
202332,60.032
202488,62.6683
202644,65.2406
202800,67.8075
202956,70.3424
203112,72.7973
203268,75.092
203424,77.2374
203580,79.244
203736,81.0371
203892,82.5527
204048,83.8548
204204,84.8635
204360,85.5145
204516,85.8187
204672,85.9041
204828,85.776
204984,85.3598
205140,84.7087
205296,83.8815
205452,82.7448
205608,81.3626
205764,79.6495
205920,77.8991
206076,76.122
206232,74.2649
206388,72.2903
206544,70.241
206700,68.1064
206856,65.865
207012,63.4795
207168,60.8965
207324,58.2602
207480,55.5279
207636,52.6247
207792,49.5562
207948,46.3382
208104,43.0134
208260,39.5393
208416,35.8837
208572,31.9505
208728,27.9481
208884,23.7801
209040,19.4734
209196,15.1187
209352,10.7373
209508,6.3453
209664,1.9212
209820,-2.5029
209976,-6.8683
210132,-11.255
210288,-15.5777
210444,-19.7936
210600,-23.8922
210756,-27.8146
210912,-31.5129
211068,-35.0511
211224,-38.4826
211380,-41.8714
211536,-45.1161
211692,-48.254
211848,-51.3119
212004,-54.3591
212160,-57.2463
212316,-60.064
212472,-62.6843
212628,-65.2513
212784,-67.8022
212940,-70.3317
213096,-72.7866
213252,-75.0654
213408,-77.232
213564,-79.2386
213720,-81.0317
213876,-82.5527
214032,-83.8868
214188,-84.9168
214344,-85.5786
214500,-85.8881
214656,-85.9788
214812,-85.8347
214968,-85.4398
215124,-84.7941
215280,-83.9509
215436,-82.8088
215592,-81.4
215748,-79.6656
215904,-77.8831
216060,-76.106
216216,-74.2382
216372,-72.2903
216528,-70.273
216684,-68.1651
216840,-65.945
216996,-63.5969
217152,-61.0887
217308,-58.447
217464,-55.752
217620,-52.8756
217776,-49.8123
217932,-46.6103
218088,-43.2696
218244,-39.7954
218400,-36.0704
218556,-32.1106
218712,-28.0494
218868,-23.8335
219024,-19.4895
219180,-15.0974
219336,-10.668
219492,-6.2332
219648,-1.7824
219804,2.6577
219960,7.0177
220116,11.4044
220272,15.7218
220428,19.9324
220584,24.0043
220740,27.9054
220896,31.561
221052,35.0511
221208,38.4506
221364,41.7807
221520,45.0147
221676,48.1046
221832,51.1945
221988,54.199
222144,57.0915
222300,59.9199
222456,62.5616
222612,65.1339
222768,67.7115
222924,70.2464
223080,72.7226
223236,75.0333
223392,77.2054
223548,79.2226
223704,81.0104
223860,82.5047
224016,83.8228
224172,84.8368
224328,85.4878
224484,85.8187
224640,85.9041
224796,85.792
224952,85.3704
225108,84.73
225264,83.8868
225420,82.7768
225576,81.4213
225732,79.7189
225888,77.9578
226044,76.1914
226200,74.3449
226356,72.397
226512,70.3317
226668,68.1971
226824,65.9717
226980,63.6076
227136,61.0353
227292,58.3883
227448,55.6613
227604,52.7688
227760,49.7109
227916,46.4929
228072,43.1468
228228,39.7367
228384,36.0277
228540,32.0893
228696,28.0815
228852,23.9189
229008,19.6229
229164,15.2735
229320,10.8868
229476,6.484
229632,2.0706
229788,-2.3535
229944,-6.7295
230100,-11.1109
230256,-15.4443
230412,-19.6496
230568,-23.7321
230724,-27.6599
230880,-31.3742
231036,-34.907
231192,-38.3439
231348,-41.738
231504,-45.004
231660,-48.1099
231816,-51.1998
231972,-54.2364
232128,-57.1342
232284,-59.9573
232440,-62.5723
232596,-65.1339
232752,-67.7061
232908,-70.225
233064,-72.6852
233220,-74.9746
233376,-77.1413
233532,-79.1532
233688,-80.9624
233844,-82.4726
234000,-83.7961
234156,-84.8581
234312,-85.5465
234468,-85.8667
234624,-85.9681
234780,-85.8454
234936,-85.4665
235092,-84.8368
235248,-83.9776
235404,-82.8515
235560,-81.48
235716,-79.7509
235872,-77.9792
236028,-76.2021
236184,-74.3396
236340,-72.4024
236496,-70.3744
236652,-68.2451
236808,-66.0251
236964,-63.6823
237120,-61.1687
237276,-58.5271
237432,-55.8427
237588,-52.9663
237744,-49.9297
237900,-46.7277
238056,-43.387
238212,-39.9182
238368,-36.2145
238524,-32.2654
238680,-28.2042
238836,-23.9989
238992,-19.6816
239148,-15.2948
239304,-10.8654
239460,-6.42
239616,-1.9799
239772,2.4655
239928,6.8469
240084,11.2337
240240,15.5563
240396,19.7456
240552,23.8175
240708,27.7239
240864,31.4115
241020,34.9017
241176,38.2905
241332,41.6312
241488,44.8546
241644,47.9979
241800,51.0077
241956,54.055
242112,56.9474
242268,59.7812
242424,62.4442
242580,65.0111
242736,67.5834
242892,70.129
243048,72.6105
243204,74.9213
243360,77.104
243516,79.1266
243672,80.9303
243828,82.446
243984,83.7481
244140,84.7834
244296,85.4665
244452,85.808
244608,85.8881
244764,85.776
244920,85.3864
245076,84.7567
245232,83.9242
245388,82.8142
245544,81.4747
245700,79.783
245856,78.0325
246012,76.2714
246168,74.4196
246324,72.4664
246480,70.4225
246636,68.2932
246792,66.0571
246948,63.7143
247104,61.1474
247260,58.4844
247416,55.7574
247572,52.8649
247728,49.8016
247884,46.5783
248040,43.2376
248196,39.8008
248352,36.1718
248508,32.228
248664,28.2256
248820,24.063
248976,19.7616
249132,15.4229
249288,11.0469
249444,6.6601
249600,2.2627
249756,-2.1507
249912,-6.5267
250068,-10.8921
250224,-15.2415
250380,-19.4574
250536,-23.5667
250692,-27.5104
250848,-31.2248
251004,-34.7683
251160,-38.2051
251316,-41.5832
251472,-44.8546
251628,-47.9925
251784,-51.0451
251940,-54.1083
252096,-57.0061
252252,-59.8452
252408,-62.4655
252564,-65.0271
252720,-67.5887
252876,-70.1076
253032,-72.5731
253188,-74.8626
253344,-77.0453
253500,-79.0732
253656,-80.893
253812,-82.4406
253968,-83.7694
254124,-84.8261
254280,-85.5252
254436,-85.8774
254592,-85.9842
254748,-85.8454
254904,-85.4665
255060,-84.8474
255216,-84.0203
255372,-82.8889
255528,-81.5014
255684,-79.7936
255840,-78.0219
255996,-76.2501
256152,-74.3876
256308,-72.4504
256464,-70.4331
256620,-68.3198
256776,-66.1051
256932,-63.773
257088,-61.2861
257244,-58.6498
257400,-55.9495
257556,-53.0944
257712,-50.0525
257868,-46.8345
258024,-43.4937
258180,-40.0302
258336,-36.3479
258492,-32.3881
258648,-28.3323
258804,-24.1484
258960,-19.8043
259116,-15.4123
259272,-10.9882
259428,-6.5481
259584,-2.1133
259740,2.3214
259896,6.6975
260052,11.0682
260208,15.3909
260364,19.5855
260520,23.6734
260676,27.5958
260832,31.2781
260988,34.7843
261144,38.1838
261300,41.5192
261456,44.7585
261612,47.8644
261768,50.9277
261924,53.9536
262080,56.8407
262236,59.6905
262392,62.3641
262548,64.9364
262704,67.514
262860,70.0489
263016,72.5198
263172,74.8359
263328,77.0132
263484,79.0358
263640,80.8503
263796,82.3926
263952,83.7001
264108,84.7514
264264,85.4238
264420,85.7707
264576,85.8667
264732,85.76
264888,85.3811
265044,84.7514
265200,83.9349
265356,82.8462
265512,81.5174
265668,79.831
265824,78.0806
265980,76.3248
266136,74.489
266292,72.5358
266448,70.4972
266604,68.3732
266760,66.1425
266916,63.7943
267072,61.2541
267228,58.5751
267384,55.8534
267540,52.9556
267696,49.8924
267852,46.685
268008,43.3443
268164,39.9342
268320,36.2839
268476,32.3668
268632,28.3643
268788,24.2231
268944,19.9484
269100,15.615
269256,11.2337
269412,6.8469
269568,2.4389
269724,-1.9639
269880,-6.3453
270036,-10.7267
270192,-15.0707
270348,-19.2867
270504,-23.3959
270660,-27.3824
270816,-31.0967
270972,-34.6562
271128,-38.0877
271284,-41.4765
271440,-44.7585
271596,-47.8644
271752,-50.9757
271908,-54.0069
272064,-56.9101
272220,-59.7332
272376,-62.3588
272532,-64.915
272688,-67.4873
272844,-70.0116
273000,-72.4771
273156,-74.7825
273312,-76.9545
273468,-78.9931
273624,-80.8076
273780,-82.3606
273936,-83.7107
274092,-84.7994
274248,-85.4985
274404,-85.8507
274560,-85.9521
274716,-85.8454
274872,-85.4772
275028,-84.8474
275184,-84.0149
275340,-82.9049
275496,-81.5441
275652,-79.863
275808,-78.0966
275964,-76.3248
276120,-74.473
276276,-72.5358
276432,-70.5292
276588,-68.4319
276744,-66.2119
276900,-63.8851
277056,-61.4195
277212,-58.7726
277368,-56.0775
277524,-53.2064
277680,-50.1645
277836,-46.9572
277992,-43.6111
278148,-40.153
278304,-36.4867
278460,-32.5322
278616,-28.4817
278772,-24.2924
278928,-19.9698
279084,-15.5777
279240,-11.1643
279396,-6.7402
279552,-2.3108
279708,2.1293
279864,6.5
280020,10.8654
280176,15.1988
280332,19.4041
280488,23.4866
280644,27.3984
280800,31.0967
280956,34.6242
281112,38.0343
281268,41.3751
281424,44.6091
281580,47.7684
281736,50.7836
281892,53.8468
282048,56.734
282204,59.5837
282360,62.2627
282516,64.835
282672,67.4019
282828,69.9582
282984,72.4344
283140,74.7612
283296,76.9439
283452,78.9825
283608,80.7969
283764,82.3339
283920,83.6574
284076,84.7247
284232,85.4185
284388,85.7814
284544,85.8828
284700,85.7814
284856,85.4078
285012,84.7887
285168,84.0043
285324,82.9102
285480,81.5814
285636,79.9057
285792,78.166
285948,76.4262
286104,74.5957
286260,72.6425
286416,70.6039
286572,68.4746
286728,66.2492
286884,63.9064
287040,61.3662
287196,58.6925
287352,55.9922
287508,53.0944
287664,50.0418
287820,46.8185
287976,43.483
288132,40.0516
288288,36.4387
288444,32.5269
288600,28.5297
288756,24.3938
288912,20.1032
289068,15.7698
289224,11.4044
289380,7.023
289536,2.6256
289692,-1.7771
289848,-6.1638
290004,-10.5346
290160,-14.8893
290316,-19.1159
290472,-23.2251
290628,-27.2009
290784,-30.9473
290940,-34.5068
291096,-37.9596
291252,-41.3484
291408,-44.6358
291564,-47.7684
291720,-50.8263
291876,-53.9002
292032,-56.8087
292188,-59.6424
292344,-62.2841
292500,-64.8297
292656,-67.3806
292812,-69.8995
292968,-72.365
293124,-74.6811
293280,-76.8638
293436,-78.9131
293592,-80.7489
293748,-82.3072
293904,-83.6574
294060,-84.7567
294216,-85.4718
294372,-85.8401
294528,-85.9521
294684,-85.8614
294840,-85.5252
294996,-84.9115
295152,-84.0896
295308,-82.9903
295464,-81.6348
295620,-79.9484
295776,-78.1713
295932,-76.4049
296088,-74.5691
296244,-72.6372
296400,-70.6146
296556,-68.5226
296712,-66.3079
296868,-63.9811
297024,-61.4996
297180,-58.8579
297336,-56.1736
297492,-53.3185
297648,-50.2819
297804,-47.0906
297960,-43.7445
298116,-40.2917
298272,-36.6521
298428,-32.719
298584,-28.6845
298740,-24.4952
298896,-20.1779
299052,-15.7965
299208,-11.3884
299364,-6.9697
299520,-2.5509
299676,1.8785
299832,6.2599
299988,10.6359
300144,14.996
300300,19.2173
300456,23.3212
300612,27.2543
300768,30.9846
300924,34.4961
301080,37.9223
301236,41.279
301392,44.5344
301548,47.667
301704,50.7302
301860,53.7614
302016,56.6539
302172,59.5037
302328,62.188
302484,64.7496
302640,67.3165
302796,69.8514
302952,72.317
303108,74.6331
303264,76.8211
303420,78.8757
303576,80.7115
303732,82.2698
303888,83.588
304044,84.682
304200,85.3971
304356,85.76
304512,85.8614
304668,85.776
304824,85.4291
304980,84.8208
305136,84.0523
305292,82.9796
305448,81.6615
305604,79.9964
305760,78.2353
305916,76.4849
306072,74.6598
306228,72.7279
306384,70.6893
306540,68.5813
306696,66.3506
306852,64.0078
307008,61.4836
307164,58.8046
307320,56.0882
307476,53.2224
307632,50.1805
307788,46.9732
307944,43.6592
308100,40.217
308256,36.5934
308412,32.6817
308568,28.7005
308724,24.5753
308880,20.3006
309036,15.9619
309192,11.5965
309348,7.2098
309504,2.8071
309660,-1.5903
309816,-5.9717
309972,-10.3424
310128,-14.6865
310284,-18.9238
310440,-23.0437
310596,-27.0141
310752,-30.7765
310908,-34.3467
311064,-37.7835
311220,-41.183
311376,-44.465
311532,-47.5976
311688,-50.6822
311844,-53.7348
312000,-56.6326
312156,-59.4823
312312,-62.14
312468,-64.6856
312624,-67.2525
312780,-69.7767
312936,-72.2423
313092,-74.5691
313248,-76.7464
313404,-78.8064
313560,-80.6528
313716,-82.2378
313872,-83.588
314028,-84.7034
314184,-85.4398
314340,-85.8187
314496,-85.9201
314652,-85.8241
314808,-85.4878
314964,-84.8848
315120,-84.0843
315276,-82.9956
315432,-81.6668
315588,-80.0018
315744,-78.2193
315900,-76.4529
316056,-74.6224
316212,-72.6906
316368,-70.6946
316524,-68.608
316680,-66.3986
316836,-64.0932
316992,-61.6437
317148,-59.0074
317304,-56.323
317460,-53.4839
317616,-50.4527
317772,-47.2667
317928,-43.926
318084,-40.4465
318240,-36.8176
318396,-32.9005
318552,-28.866
318708,-24.6927
318864,-20.386
319020,-16.01
319176,-11.6126
319332,-7.1938
319488,-2.7804
319644,1.649
319800,6.0197
319956,10.3851
320112,14.7292
320268,18.9451
320424,23.0437
320580,27.0035
320736,30.7231
320892,34.272
321048,37.6928
321204,41.0602
321360,44.3209
321516,47.4855
321672,50.5221
321828,53.5853
321984,56.4938
322140,59.3382
322296,62.0279
322452,64.5842
322608,67.1618
322764,69.7127
322920,72.1942
323076,74.537
323232,76.7197
323388,78.7797
323544,80.6208
323700,82.2058
323856,83.5293
324012,84.6286
324168,85.3758
324324,85.7654
324480,85.8774
324636,85.808
324792,85.4665
324948,84.8581
325104,84.0896
325260,83.0543
325416,81.7522
325572,80.1085
325728,78.3581
325884,76.6023
326040,74.7825
326196,72.8453
326352,70.812
326508,68.7041
326664,66.4734
326820,64.1466
326976,61.617
327132,58.9327
327288,56.227
327444,53.3612
327600,50.3246
327756,47.128
327912,43.7979
328068,40.3611
328224,36.7642
328380,32.8738
328536,28.8766
328692,24.7781
328848,20.5034
329004,16.1754
329160,11.8207
329316,7.4446
329472,3.0419
329628,-1.3715
329784,-5.7689
329940,-10.1396
330096,-14.4943
330252,-18.7317
330408,-22.8569
330564,-26.8327
330720,-30.6004
330876,-34.1759
331032,-37.6287
331188,-41.0335
331344,-44.3529
331500,-47.5122
331656,-50.5648
331812,-53.6334
331968,-56.5472
332124,-59.3809
332280,-62.0493
332436,-64.6055
332592,-67.1724
332748,-69.7074
332904,-72.1782
333060,-74.5157
333216,-76.7037
333372,-78.7583
333528,-80.6048
333684,-82.2005
333840,-83.5613
333996,-84.6873
334152,-85.4505
334308,-85.8561
334464,-85.9788
334620,-85.8774
334776,-85.5519
334932,-84.9595
335088,-84.1644
335244,-83.1024
335400,-81.7735
335556,-80.1138
335712,-78.3421
335868,-76.5703
336024,-74.7398
336180,-72.808
336336,-70.8014
336492,-68.7147
336648,-66.5214
336804,-64.2106
336960,-61.7611
337116,-59.1088
337272,-56.4084
337428,-53.5693
337584,-50.5488
337740,-47.3681
337896,-44.0274
338052,-40.5692
338208,-36.935
338364,-33.0072
338520,-28.962
338676,-24.8154
338832,-20.5034
338988,-16.1274
339144,-11.7246
339300,-7.3005
339456,-2.8765
339612,1.5476
339768,5.9397
339924,10.3051
340080,14.6491
340236,18.8811
340392,22.9796
340548,26.9394
340704,30.6697
340860,34.224
341016,37.6447
341172,40.9908
341328,44.2515
341484,47.3895
341640,50.442
341796,53.4999
341952,56.4031
342108,59.2582
342264,61.9425
342420,64.5148
342576,67.0871
342732,69.6326
342888,72.1195
343044,74.473
343200,76.677
343356,78.7477
343512,80.5941
343668,82.2058
343824,83.5293
343980,84.634
344136,85.3811
344292,85.7707
344448,85.8988
344604,85.8241
344760,85.4878
344916,84.8848
345072,84.1003
345228,83.049
345384,81.7629
345540,80.1298
345696,78.3794
345852,76.6237
346008,74.8039
346164,72.8773
346320,70.8494
346476,68.7468
346632,66.5267
346788,64.2106
346944,61.697
347100,59.0287
347256,56.3017
347412,53.4412
347568,50.3993
347724,47.1974
347880,43.878
348036,40.4625
348192,36.8603
348348,32.9752
348504,28.994
348660,24.8741
348816,20.6048
348972,16.2875
349128,11.9381
349284,7.578
349440,3.17
349596,-1.2221
349752,-5.6195
349908,-9.9795
350064,-14.3449
350220,-18.5929
350376,-22.7235
350532,-26.7153
350688,-30.4936
350844,-34.0905
351000,-37.5647
351156,-40.9748
351312,-44.2782
351468,-47.4162
351624,-50.4901
351780,-53.5693
351936,-56.4725
352092,-59.3276
352248,-61.9852
352404,-64.5361
352560,-67.0977
352716,-69.6166
352872,-72.0928
353028,-74.4196
353184,-76.6077
353340,-78.6783
353496,-80.5514
353652,-82.1791
353808,-83.5346
353964,-84.666
354120,-85.4452
354276,-85.8614
354432,-85.9842
354588,-85.9041
354744,-85.5786
354900,-84.9915
355056,-84.2177
355212,-83.1397
355368,-81.8162
355524,-80.1459
355680,-78.3741
355836,-76.6077
355992,-74.7718
356148,-72.8453
356304,-70.8441
356460,-68.7574
356616,-66.5587
356772,-64.2533
356928,-61.8145
357084,-59.1835
357240,-56.5045
357396,-53.6654
357552,-50.6502
357708,-47.4749
357864,-44.1555
358020,-40.6973
358176,-37.0844
358332,-33.1726
358488,-29.1328
358644,-24.9755
358800,-20.6582
358956,-16.2608
359112,-11.8527
359268,-7.4393
359424,-3.0099
359580,1.4195
359736,5.817
359892,10.177
360048,14.5264
360204,18.753
360360,22.8569
360516,26.7953
360672,30.515
360828,34.0692
360984,37.5007
361140,40.8734
361296,44.1234
361452,47.2881
361608,50.3086
361764,53.3719
361920,56.2803
362076,59.1408
362232,61.8625
362388,64.4401
362544,67.023
362700,69.5793
362856,72.0715
363012,74.4303
363168,76.6237
363324,78.6889
363480,80.5354
363636,82.1471
363792,83.4813
363948,84.5966
364104,85.3598
364260,85.7547
364416,85.8828
364572,85.8187
364728,85.4985
364884,84.9008
365040,84.127
365196,83.1024
365352,81.8109
365508,80.1885
365664,78.4221
365820,76.6717
365976,74.8572
366132,72.9467
366288,70.9241
366444,68.8108
366600,66.5908
366756,64.2853
366912,61.7878
367068,59.1141
367224,56.4138
367380,53.5587
367536,50.5381
367692,47.3414
367848,44.0114
368004,40.5799
368160,37.015
368316,33.1406
368472,29.1435
368628,25.0449
368784,20.7703
368940,16.4369
369096,12.0608
369252,7.6848
369408,3.3034
369564,-1.078
369720,-5.4701
369876,-9.8194
370032,-14.1848
370188,-18.4328
370344,-22.5634
370500,-26.5605
370656,-30.3442
370812,-33.9358
370968,-37.4046
371124,-40.8147
371280,-44.1341
371436,-47.3094
371592,-50.362
371748,-53.4519
371904,-56.3817
372060,-59.2315
372216,-61.8945
372372,-64.4561
372528,-67.0284
372684,-69.5633
372840,-72.0395
372996,-74.3716
373152,-76.5436
373308,-78.6142
373464,-80.4874
373620,-82.1097
373776,-83.4813
373932,-84.6073
374088,-85.3971
374244,-85.8241
374400,-85.9628
374556,-85.8881
374712,-85.5839
374868,-85.0075
375024,-84.2284
375180,-83.1771
375336,-81.8696
375492,-80.2206
375648,-78.4328
375804,-76.6557
375960,-74.8252
376116,-72.9094
376272,-70.9241
376428,-68.8482
376584,-66.6441
376740,-64.344
376896,-61.8998
377052,-59.2635
377208,-56.5739
377364,-53.7561
377520,-50.7462
377676,-47.5816
377832,-44.2675
377988,-40.8254
378144,-37.2125
378300,-33.3007
378456,-29.2822
378612,-25.125
378768,-20.8183
378924,-16.4316
379080,-12.0288
379236,-7.6154
379392,-3.1967
379548,1.2114
379704,5.5928
379860,9.9582
380016,14.3236
380172,18.5609
380328,22.6594
380484,26.6032
380640,30.3442
380796,33.9038
380952,37.3352
381108,40.708
381264,43.9687
381420,47.1173
381576,50.1805
381732,53.2545
381888,56.1736
382044,59.0554
382200,61.7771
382356,64.3547
382512,66.9323
382668,69.4992
382824,72.0021
382980,74.3769
383136,76.5703
383292,78.6463
383448,80.5087
383604,82.1364
383760,83.4706
383916,84.5753
384072,85.3438
384228,85.7654
384384,85.8988
384540,85.8347
384696,85.5252
384852,84.9328
385008,84.1697
385164,83.1504
385320,81.8803
385476,80.2793
385632,78.5128
385788,76.7624
385944,74.948
386100,73.0268
386256,71.0095
386412,68.9229
386568,66.7028
386724,64.3921
386880,61.8945
387036,59.2315
387192,56.5258
387348,53.6867
387504,50.6662
387660,47.4802
387816,44.1608
387972,40.724
388128,37.1645
388284,33.3007
388440,29.3036
388596,25.2103
388752,20.9357
388908,16.6023
389064,12.2209
389220,7.8449
389376,3.4528
389532,-0.9446
389688,-5.3367
389844,-9.686
390000,-14.0567
390156,-18.3154
390312,-22.4673
390468,-26.4645
390624,-30.2375
390780,-33.8237
390936,-37.3032
391092,-40.7187
391248,-44.0487
391404,-47.1814
391560,-50.2499
391716,-53.3452
391872,-56.2643
392028,-59.1194
392184,-61.7984
392340,-64.36
392496,-66.9163
392652,-69.4459
392808,-71.9274
392964,-74.2862
393120,-76.4742
393276,-78.5609
393432,-80.4287
393588,-82.0617
393744,-83.4439
393900,-84.5913
394056,-85.3864
394212,-85.8241
394368,-85.9788
394524,-85.9094
394680,-85.6052
394836,-85.0289
394992,-84.2604
395148,-83.2038
395304,-81.9123
395460,-80.2739
395616,-78.4968
395772,-76.7251
395928,-74.8946
396084,-72.9894
396240,-71.0042
396396,-68.9282
396552,-66.7402
396708,-64.4454
396864,-62.0172
397020,-59.3809
397176,-56.7126
397332,-53.9055
397488,-50.917
397644,-47.7417
397800,-44.417
397956,-40.9588
398112,-37.3512
398268,-33.4501
398424,-29.421
398580,-25.2744
398736,-20.9784
398892,-16.5917
399048,-12.1729
399204,-7.7435
399360,-3.3247
399516,1.0994
399672,5.4914
399828,9.8515
399984,14.2115
400140,18.4541
400296,22.5474
400452,26.5178
400608,30.2802
400764,33.8184
400920,37.2498
401076,40.6386
401232,43.8993
401388,47.08
401544,50.0952
401700,53.1797
401856,56.1042
402012,58.97
402168,61.697
402324,64.264
402480,66.8416
402636,69.3872
402792,71.8954
402948,74.2595
403104,76.4582
403260,78.5342
403416,80.402
403572,82.0457
403728,83.3959
403884,84.5272
404040,85.3117
404196,85.7387
404352,85.8828
404508,85.8241
404664,85.5252
404820,84.9435
404976,84.191
405132,83.1877
405288,81.923
405444,80.3166
405600,78.5502
405756,76.7891
405912,74.98
406068,73.0695
406224,71.0629
406380,68.9709
406536,66.7669
406692,64.4668
406848,61.9746
407004,59.3169
407160,56.6059
407316,53.7721
407472,50.7569
407628,47.5816
407784,44.2729
407940,40.8467
408096,37.2819
408252,33.4128
408408,29.405
408564,25.3117
408720,21.0478
408876,16.7144
409032,12.3383
409188,7.9676
409344,3.5809
409500,-0.8112
409656,-5.2032
409812,-9.5419
409968,-13.9073
410124,-18.166
410280,-22.2912
410436,-26.2723
410592,-30.0614
410748,-33.6476
410904,-37.1111
411060,-40.5159
411216,-43.8566
411372,-47.0426
411528,-50.1058
411684,-53.1958
411840,-56.1523
411996,-59.0074
412152,-61.7131
412308,-64.2693
412464,-66.8469
412620,-69.3818
412776,-71.8687
412932,-74.2328
413088,-76.4209
413244,-78.4915
413400,-80.3753
413556,-82.0137
413712,-83.3905
413868,-84.5486
414024,-85.3598
414180,-85.792
414336,-85.9521
414492,-85.8988
414648,-85.6159
414804,-85.0449
414960,-84.2818
415116,-83.2571
415272,-81.9603
415428,-80.3433
415584,-78.5769
415740,-76.8104
415896,-74.9853
416052,-73.0748
416208,-71.0789
416364,-69.0029
416520,-66.8149
416676,-64.5201
416832,-62.092
416988,-59.4823
417144,-56.8087
417300,-54.0069
417456,-51.0184
417612,-47.8324
417768,-44.513
417924,-41.0816
418080,-37.4793
418236,-33.5889
418392,-29.5544
418548,-25.4078
418704,-21.1118
418860,-16.7251
419016,-12.3117
419172,-7.8769
419328,-3.4528
419484,0.9659
419640,5.3633
419796,9.7074
419952,14.0567
420108,18.2994
420264,22.4033
420420,26.3684
420576,30.1201
420732,33.6583
420888,37.0951
421044,40.4732
421200,43.7445
421356,46.9145
421512,49.9617
421668,53.0517
421824,55.9815
421980,58.8473
422136,61.5903
422292,64.1572
422448,66.7348
422604,69.2964
422760,71.8047
422916,74.1955
423072,76.3942
423228,78.4755
423384,80.3433
423540,81.9817
423696,83.3318
423852,84.4685
424008,85.253
424164,85.6906
424320,85.8561
424476,85.8187
424632,85.5359
424788,84.9595
424944,84.2124
425100,83.2144
425256,81.9603
425412,80.3753
425568,78.6302
425724,76.8852
425880,75.0814
426036,73.1762
426192,71.1536
426348,69.0563
426504,66.8736
426660,64.5682
426816,62.0759
426972,59.4023
427128,56.7019
427284,53.8788
427440,50.8636
427596,47.6883
427752,44.3849
427908,40.9855
428064,37.4046
428220,33.5302
428376,29.5544
428532,25.4718
428688,21.2292
428844,16.9119
429000,12.5411
429156,8.1758
429312,3.789
429468,-0.5977
429624,-5.0058
429780,-9.3445
429936,-13.7152
430092,-17.9685
430248,-22.1044
430404,-26.1176
430560,-29.9226
430716,-33.5195
430872,-37.0097
431028,-40.4145
431184,-43.7606
431340,-46.9305
431496,-50.0044
431652,-53.121
431808,-56.0722
431964,-58.9487
432120,-61.6437
432276,-64.1946
432432,-66.7562
432588,-69.2964
432744,-71.7887
432900,-74.1581
433056,-76.3515
433212,-78.4381
433368,-80.3273
433524,-81.9763
433680,-83.3478
433836,-84.5166
433992,-85.3384
434148,-85.7867
434304,-85.9415
434460,-85.8988
434616,-85.6373
434772,-85.0769
434928,-84.3191
435084,-83.2891
435240,-82.0137
435396,-80.4073
435552,-78.6356
435708,-76.8585
435864,-75.044
436020,-73.1388
436176,-71.1483
436332,-69.0776
436488,-66.8843
436644,-64.6055
436800,-62.1827
436956,-59.5517
437112,-56.8887
437268,-54.0656
437424,-51.0824
437580,-47.9231
437736,-44.6144
437892,-41.183
438048,-37.6021
438204,-33.717
438360,-29.7038
438516,-25.5572
438672,-21.2772
438828,-16.9012
438984,-12.4984
439140,-8.0957
439296,-3.6823
439452,0.7311
439608,5.1179
439764,9.4726
439920,13.8326
440076,18.0699
440232,22.1898
440388,26.1603
440544,29.9333
440700,33.5088
440856,36.9456
441012,40.3291
441168,43.6005
441324,46.7651
441480,49.8177
441636,52.9076
441792,55.8587
441948,58.7299
442104,61.4782
442260,64.0558
442416,66.6388
442572,69.2057
442728,71.7033
442884,74.1048
443040,76.3195
443196,78.4221
443352,80.3006
443508,81.955
443664,83.3105
443820,84.4632
443976,85.285
444132,85.7227
444288,85.8774
444444,85.8454
444600,85.5732
444756,85.0075
444912,84.2604
445068,83.2785
445224,82.0457
445380,80.4767
445536,78.7263
445692,76.9652
445848,75.1721
446004,73.2722
446160,71.255
446316,69.1684
446472,66.959
446628,64.6696
446784,62.1934
446940,59.5357
447096,56.8407
447252,54.0123
447408,50.9971
447564,47.8271
447720,44.513
447876,41.1136
448032,37.554
448188,33.7223
448344,29.7358
448500,25.664
448656,21.416
448812,17.0986
448968,12.7226
449124,8.3519
449280,3.9491
449436,-0.4429
449592,-4.8403
449748,-9.1897
449904,-13.5711
450060,-17.8404
450216,-21.971
450372,-25.9788
450528,-29.8105
450684,-33.4288
450840,-36.9136
450996,-40.3184
451152,-43.6752
451308,-46.8505
451464,-49.9297
451620,-52.993
451776,-55.9655
451932,-58.8259
452088,-61.5369
452244,-64.0825
452400,-66.6495
452556,-69.1897
452712,-71.6766
452868,-74.0354
453024,-76.2288
453180,-78.3207
453336,-80.2259
453492,-81.8909
453648,-83.2838
453804,-84.4632
453960,-85.3011
454116,-85.776
454272,-85.9575
454428,-85.9201
454584,-85.6479
454740,-85.1143
454896,-84.3671
455052,-83.3478
455208,-82.067
455364,-80.4714
455520,-78.7103
455676,-76.9332
455832,-75.1187
455988,-73.2029
456144,-71.223
456300,-69.1524
456456,-66.9697
456612,-64.6856
456768,-62.2627
456924,-59.6584
457080,-57.0061
457236,-54.2151
457392,-51.2479
457548,-48.0939
457704,-44.7852
457860,-41.3431
458016,-37.7568
458172,-33.8931
458328,-29.8746
458484,-25.7387
458640,-21.4533
458796,-17.0773
458952,-12.6692
459108,-8.2558
459264,-3.821
459420,0.6137
459576,5.0111
459732,9.3498
459888,13.7152
460044,17.9632
460200,22.0777
460356,26.0589
460512,29.8212
460668,33.3914
460824,36.8496
460980,40.233
461136,43.5151
461292,46.6957
461448,49.7429
461604,52.8275
461760,55.768
461916,58.6391
462072,61.3929
462228,63.9705
462384,66.5481
462540,69.1097
462696,71.6286
462852,74.0194
463008,76.2288
463164,78.3207
463320,80.2099
463476,81.8643
463632,83.2358
463788,84.3938
463944,85.221
464100,85.68
464256,85.8614
464412,85.8241
464568,85.5572
464724,85.0075
464880,84.2871
465036,83.3158
465192,82.0884
465348,80.5301
465504,78.7903
465660,77.0399
465816,75.2361
465972,73.3256
466128,71.319
466284,69.2324
466440,67.039
466596,64.7603
466752,62.2787
466908,59.6104
467064,56.9154
467220,54.1083
467376,51.1091
467532,47.9338
467688,44.6358
467844,41.231
468000,37.7088
468156,33.8717
468312,29.9066
468468,25.8401
468624,21.6028
468780,17.2801
468936,12.9307
469092,8.5707
469248,4.1679
469404,-0.2348
469560,-4.6536
469716,-9.0029
469872,-13.379
470028,-17.659
470184,-21.8002
470340,-25.8454
470496,-29.6878
470652,-33.3167
470808,-36.8016
470964,-40.2117
471120,-43.5631
471276,-46.7437
471432,-49.8016
471588,-52.9129
471744,-55.8534
471900,-58.7139
472056,-61.4195
472212,-63.9598
472368,-66.516
472524,-69.0456
472680,-71.5378
472836,-73.9233
472992,-76.138
473148,-78.246
473304,-80.1512
473460,-81.8269
473616,-83.2144
473772,-84.4098
473928,-85.285
474084,-85.7707
474240,-85.9628
474396,-85.9361
474552,-85.6693
474708,-85.1303
474864,-84.3938
475020,-83.4012
475176,-82.1311
475332,-80.5514
475488,-78.7797
475644,-77.0346
475800,-75.2148
475956,-73.3043
476112,-71.3137
476268,-69.2324
476424,-67.0497
476580,-64.771
476736,-62.3535
476892,-59.7385
477048,-57.0969
477204,-54.2951
477360,-51.3279
477516,-48.1846
477672,-44.8973
477828,-41.4925
477984,-37.9329
478140,-34.0639
478296,-30.0454
478452,-25.9308
478608,-21.6721
478764,-17.3121
478920,-12.9147
479076,-8.5013
479232,-4.0665
479388,0.3576
479544,4.7763
479700,9.1417
479856,13.5444
480012,17.8084
480168,21.9283
480324,25.9201
480480,29.7198
480636,33.3114
480792,36.7695
480948,40.1423
481104,43.419
481260,46.5997
481416,49.6415
481572,52.6994
481728,55.6506
481884,58.5164
482040,61.2594
482196,63.8317
482352,66.3986
482508,68.9496
482664,71.4524
482820,73.8433
482976,76.074
483132,78.198
483288,80.1138
483444,81.7895
483600,83.1664
483756,84.3298
483912,85.1837
484068,85.664
484224,85.8561
484380,85.8401
484536,85.5946
484692,85.0556
484848,84.3298
485004,83.3639
485160,82.1418
485316,80.5835
485472,78.833
485628,77.0933
485784,75.2948
485940,73.4003
486096,71.3991
486252,69.3124
486408,67.1137
486564,64.8243
486720,62.3588
486876,59.6958
487032,57.0275
487188,54.2204
487344,51.2425
487500,48.0886
487656,44.7852
487812,41.3964
487968,37.8689
488124,34.0532
488280,30.0827
488436,26.0215
488592,21.7842
488748,17.4722
488904,13.1122
489060,8.7361
489216,4.3494
489372,-0.0534
489528,-4.4614
489684,-8.8001
489840,-13.1975
489996,-17.4829
490152,-21.6401
490308,-25.664
490464,-29.5064
490620,-33.1193
490776,-36.6148
490932,-40.0356
491088,-43.3977
491244,-46.5783
491400,-49.6469
491556,-52.7261
491712,-55.6933
491868,-58.5538
492024,-61.2861
492180,-63.8424
492336,-66.404
492492,-68.9442
492648,-71.4364
492804,-73.8219
492960,-76.0313
493116,-78.1446
493272,-80.0711
493428,-81.7575
493584,-83.1717
493740,-84.3778
493896,-85.2637
494052,-85.7547
494208,-85.9415
494364,-85.9255
494520,-85.6586
494676,-85.1516
494832,-84.4152
494988,-83.4439
495144,-82.2111
495300,-80.6475
495456,-78.8597
495612,-77.0826
495768,-75.2575
495924,-73.3683
496080,-71.4044
496236,-69.3445
496392,-67.1778
496548,-64.9044
496704,-62.4922
496860,-59.8666
497016,-57.2249
497172,-54.4392
497328,-51.472
497484,-48.3341
497640,-45.0414
497796,-41.6312
497952,-38.0557
498108,-34.2026
498264,-30.2055
498420,-26.1069
498576,-21.8376
498732,-17.4615
498888,-13.0588
499044,-8.6454
499200,-4.232
499356,0.1761
499512,4.5788
499668,8.9229
499824,13.2989
499980,17.5576
500136,21.6882
500292,25.696
500448,29.4957
500604,33.0606
500760,36.5241
500916,39.9235
501072,43.2216
501228,46.4022
501384,49.4441
501540,52.5287
501696,55.4798
501852,58.3563
502008,61.142
502164,63.725
502320,66.3132
502476,68.8855
502632,71.3991
502788,73.8059
502944,76.0366
503100,78.1606
503256,80.0765
503412,81.7575
503568,83.1504
503724,84.3298
503880,85.2103
504036,85.6853
504192,85.8667
504348,85.8507
504504,85.6052
504660,85.0823
504816,84.3511
504972,83.4065
505128,82.2058
505284,80.6955
505440,78.9504
505596,77.2054
505752,75.4069
505908,73.5017
506064,71.5058
506220,69.4192
506376,67.2365
506532,64.9577
506688,62.5029
506844,59.8399
507000,57.1502
507156,54.3325
507312,51.3546
507468,48.19
507624,44.8919
507780,41.4711
507936,37.9703
508092,34.1653
508248,30.1948
508404,26.1443
508560,21.9283
508716,17.6216
508872,13.2723
509028,8.8962
509184,4.5095
509340,0.1227
509496,-4.2747
509652,-8.6187
509808,-13.0001
509964,-17.2801
510120,-21.432
510276,-25.4825
510432,-29.3356
510588,-32.9698
510744,-36.4654
510900,-39.8701
511056,-43.2536
511212,-46.4502
511368,-49.5295
511524,-52.6141
511680,-55.5812
511836,-58.4417
511992,-61.1687
512148,-63.725
512304,-66.2972
512460,-68.8428
512616,-71.3404
512772,-73.7312
512928,-75.9406
513084,-78.0539
513240,-79.9858
513396,-81.6828
513552,-83.097
513708,-84.3031
513864,-85.2103
514020,-85.7227
514176,-85.9415
514332,-85.9361
514488,-85.68
514644,-85.1783
514800,-84.4419
514956,-83.4653
515112,-82.2218
515268,-80.6902
515424,-78.9291
515580,-77.1627
515736,-75.3642
515892,-73.4537
516048,-71.4791
516204,-69.4138
516360,-67.2472
516516,-64.9951
516672,-62.5936
516828,-59.9733
516984,-57.3317
517140,-54.5299
517296,-51.5894
517452,-48.4621
517608,-45.1748
517764,-41.786
517920,-38.2264
518076,-34.3841
518232,-30.3762
518388,-26.2563
518544,-21.9977
518700,-17.6536
518856,-13.2616
519012,-8.8588
519168,-4.4294
519324,0
519480,4.4294
519636,8.7841
519792,13.1709
519948,17.4402
520104,21.5708
520260,25.5572
520416,29.3783
520572,32.9859
520728,36.4493
520884,39.8274
521040,43.1255
521196,46.3168
521352,49.3854
521508,52.4486
521664,55.4158
521820,58.2709
521976,61.0406
522132,63.6076
522288,66.1798
522444,68.7414
522600,71.2603
522756,73.6778
522912,75.9139
523068,78.0432
523224,79.9697
523380,81.6615
523536,83.0543
523692,84.2337
523848,85.1356
524004,85.664
524160,85.8721
524316,85.8614
524472,85.6213
524628,85.1143
524784,84.3885
524940,83.4439
525096,82.2218
525252,80.7169
525408,78.9825
525564,77.2374
525720,75.4496
525876,73.5498
526032,71.5538
526188,69.4619
526344,67.2792
526500,65.0004
526656,62.5776
526812,59.9306
526968,57.2676
527124,54.4659
527280,51.488
527436,48.3341
527592,45.0467
527748,41.6632
527904,38.1731
528060,34.3787
528216,30.3976
528372,26.3364
528528,22.1044
528684,17.8031
528840,13.4484
528996,9.0937
529152,4.7016
529308,0.3095
529464,-4.1092
529620,-8.4586
529776,-12.8507
529932,-17.1307
530088,-21.2932
530244,-25.3438
530400,-29.2022
530556,-32.8364
530712,-36.3533
530868,-39.7687
531024,-43.1468
531180,-46.3275
531336,-49.4121
531492,-52.486
531648,-55.4852
531804,-58.3403
531960,-61.0993
532116,-63.6609
532272,-66.2172
532428,-68.7414
532584,-71.239
532740,-73.6458
532896,-75.8659
533052,-77.9952
533208,-79.9377
533364,-81.6561
533520,-83.0863
533676,-84.2978
533832,-85.2103
533988,-85.7333
534144,-85.9628
534300,-85.9628
534456,-85.7227
534612,-85.2317
534768,-84.5112
534924,-83.5613
535080,-82.3179
535236,-80.7649
535392,-79.0091
535548,-77.2534
535704,-75.4496
535860,-73.5444
536016,-71.5538
536172,-69.4886
536328,-67.3219
536484,-65.0538
536640,-62.663
536796,-60.0587
536952,-57.4331
537108,-54.658
537264,-51.7015
537420,-48.5689
537576,-45.2868
537732,-41.8874
537888,-38.3599
538044,-34.5495
538200,-30.5577
538356,-26.4591
538512,-22.1898
538668,-17.8084
538824,-13.4057
538980,-8.9869
539136,-4.5682
539292,-0.1334
539448,4.28
539604,8.6561
539760,13.0535
539916,17.3281
540072,21.464
540228,25.4718
540384,29.2982
540540,32.9005
540696,36.364
540852,39.7634
541008,43.0401
541164,46.2421
541320,49.2787
541476,52.3366
541632,55.2931
541788,58.1749
541944,60.9552
542100,63.5435
542256,66.1211
542412,68.6827
542568,71.1909
542724,73.6138
542880,75.8392
543036,77.9845
543192,79.9271
543348,81.6241
543504,83.0437
543660,84.2444
543816,85.1356
543972,85.6586
544128,85.8721
544284,85.8774
544440,85.6373
544596,85.1303
544752,84.4312
544908,83.4973
545064,82.2912
545220,80.7809
545376,79.0305
545532,77.2694
545688,75.4763
545844,73.5818
546000,71.5912
546156,69.5152
546312,67.3326
546468,65.0645
546624,62.631
546780,59.984
546936,57.337
547092,54.5513
547248,51.5948
547404,48.4568
547560,45.1908
547716,41.8073
547872,38.3118
548028,34.5228
548184,30.579
548340,26.5338
548496,22.3179
548652,17.9899
548808,13.6138
548964,9.2377
549120,4.8403
549276,0.4536
549432,-3.9438
549588,-8.2932
549744,-12.6799
549900,-16.9759
550056,-21.1492
550212,-25.189
550368,-29.0527
550524,-32.703
550680,-36.2039
550836,-39.6193
550992,-42.9974
551148,-46.2101
551304,-49.268
551460,-52.3579
551616,-55.3251
551772,-58.1962
551928,-60.9446
552084,-63.5115
552240,-66.0838
552396,-68.6294
552552,-71.1162
552708,-73.5071
552864,-75.7111
553020,-77.8298
553176,-79.783
553332,-81.496
553488,-82.9316
553644,-84.1644
553800,-85.0983
553956,-85.6533
554112,-85.8828
554268,-85.9041
554424,-85.664
554580,-85.1837
554736,-84.4739
554892,-83.524
555048,-82.3019
555204,-80.7969
555360,-79.0358
555516,-77.2587
555672,-75.4549
555828,-73.5711
555984,-71.6072
556140,-69.5579
556296,-67.3966
556452,-65.1445
556608,-62.7697
556764,-60.1761
556920,-57.5665
557076,-54.8074
557232,-51.8723
557388,-48.7557
557544,-45.479
557700,-42.0795
557856,-38.5253
558012,-34.7149
558168,-30.7338
558324,-26.6406
558480,-22.3979
558636,-18.0326
558792,-13.6245
558948,-9.2057
559104,-4.7923
559260,-0.3629
559416,4.0185
559572,8.3519
559728,12.7226
559884,16.9972
560040,21.1331
560196,25.141
560352,28.9674
560508,32.5696
560664,36.0491
560820,39.4379
560976,42.7519
561132,45.9593
561288,49.0492
561444,52.0857
561600,55.1009
561756,57.9667
561912,60.7578
562068,63.3674
562224,65.9504
562380,68.5173
562536,71.0469
562692,73.4804
562848,75.7164
563004,77.8404
563160,79.7883
563316,81.5067
563472,82.9209
563628,84.127
563784,85.0502
563940,85.6052
564096,85.8401
564252,85.8561
564408,85.6426
564564,85.1463
564720,84.4312
564876,83.5133
565032,82.3446
565188,80.8823
565344,79.1479
565500,77.3975
565656,75.615
565812,73.7152
565968,71.7193
566124,69.6433
566280,67.466
566436,65.2086
566592,62.7911
566748,60.1441
566904,57.4918
567060,54.7007
567216,51.7388
567372,48.6009
567528,45.3242
567684,41.9621
567840,38.4346
567996,34.7043
568152,30.7284
568308,26.6939
568464,22.4887
568620,18.182
568776,13.8273
568932,9.4565
569088,5.0698
569244,0.6564
569400,-3.7517
569556,-8.0957
569712,-12.4824
569868,-16.7624
570024,-20.925
570180,-24.9649
570336,-28.8553
570492,-32.5216
570648,-36.0384
570804,-39.4539
570960,-42.832
571116,-46.0286
571272,-49.1506
571428,-52.1871
571584,-55.229
571740,-58.0948
571896,-60.8485
572052,-63.4154
572208,-65.977
572364,-68.5173
572520,-71.0202
572676,-73.427
572832,-75.6631
572988,-77.7924
573144,-79.7616
573300,-81.4854
573456,-82.9156
573612,-84.1644
573768,-85.1089
573924,-85.68
574080,-85.9255
574236,-85.9521
574392,-85.7173
574548,-85.2584
574704,-84.5539
574860,-83.62
575016,-82.3926
575172,-80.877
575328,-79.1212
575484,-77.3601
575640,-75.5457
575796,-73.6618
575952,-71.6979
576108,-69.638
576264,-67.482
576420,-65.2406
576576,-62.8658
576732,-60.2668
576888,-57.6359
577044,-54.8715
577200,-51.9416
577356,-48.841
577512,-45.575
577668,-42.1649
577824,-38.6534
577980,-34.875
578136,-30.8672
578292,-26.774
578448,-22.5207
578604,-18.166
578760,-13.7686
578916,-9.3498
579072,-4.9311
579228,-0.5016
579384,3.9064
579540,8.2718
579696,12.6746
579852,16.9545
580008,21.0905
580164,25.1303
580320,28.962
580476,32.5803
580632,36.0704
580788,39.4539
580944,42.7626
581100,45.9593
581256,49.0332
581412,52.0857
581568,55.0743
581724,57.94
581880,60.7364
582036,63.3247
582192,65.9023
582348,68.4586
582504,70.9775
582660,73.411
582816,75.6577
582972,77.7977
583128,79.7563
583284,81.48
583440,82.8996
583596,84.1163
583752,85.0396
583908,85.6052
584064,85.8454
584220,85.8667
584376,85.664
584532,85.173
584688,84.4739
584844,83.556
585000,82.3659
585156,80.8983
585312,79.1586
585468,77.4188
585624,75.631
585780,73.7579
585936,71.7673
586092,69.6807
586248,67.5087
586404,65.2459
586560,62.8284
586716,60.2028
586872,57.5558
587028,54.7754
587184,51.8189
587340,48.681
587496,45.4149
587652,42.0155
587808,38.552
587964,34.795
588120,30.8459
588276,26.8113
588432,22.6007
588588,18.2727
588744,13.9287
588900,9.5473
589056,5.1605
589212,0.7631
589368,-3.6343
589524,-7.9783
589680,-12.3544
589836,-16.661
589992,-20.845
590148,-24.8902
590304,-28.7646
590460,-32.4362
590616,-35.953
590772,-39.3898
590928,-42.7679
591084,-45.9753
591240,-49.0332
591396,-52.1498
591552,-55.1276
591708,-58.0041
591864,-60.7845
592020,-63.3461
592176,-65.9183
592332,-68.4639
592488,-70.9668
592644,-73.363
592800,-75.5937
592956,-77.7283
593112,-79.7029
593268,-81.4373
593424,-82.8889
593580,-84.1377
593736,-85.0769
593892,-85.6533
594048,-85.8988
594204,-85.9361
594360,-85.712
594516,-85.237
594672,-84.5699
594828,-83.636
594984,-82.4246
595140,-80.925
595296,-79.1693
595452,-77.4081
595608,-75.6257
595764,-73.7472
595920,-71.7673
596076,-69.7234
596232,-67.5727
596388,-65.3153
596544,-62.9352
596700,-60.3522
596856,-57.7266
597012,-54.9729
597168,-52.0537
597324,-48.9478
597480,-45.6818
597636,-42.293
597792,-38.7654
597948,-34.9604
598104,-31.0006
598260,-26.9181
598416,-22.6808
598572,-18.3207
598728,-13.918
598884,-9.4886
599040,-5.0485
599196,-0.5977
599352,3.805
599508,8.1651
599664,12.5465
599820,16.8265
599976,20.9891
600132,25.0236
600288,28.866
600444,32.4842
600600,35.9584
600756,39.3525
600912,42.6665
601068,45.8685
601224,48.9371
601380,51.9843
601536,54.9782
601692,57.8333
601848,60.6351
602004,63.2447
602160,65.8276
602316,68.3892
602472,70.9134
602628,73.3363
602784,75.583
602940,77.723
603096,79.6762
603252,81.4106
603408,82.8462
603564,84.0843
603720,85.0129
603876,85.5839
604032,85.8347
604188,85.8614
604344,85.6586
604500,85.1837
604656,84.4952
604812,83.6147
604968,82.4353
605124,80.9837
605280,79.2546
605436,77.4989
605592,75.7218
605748,73.8486
605904,71.8474
606060,69.7767
606216,67.6154
606372,65.3633
606528,62.9405
606684,60.2935
606840,57.6359
606996,54.8555
607152,51.8989
607308,48.777
607464,45.527
607620,42.1702
607776,38.6587
607932,34.9124
608088,30.9473
608244,26.9288
608400,22.7341
608556,18.4381
608712,14.0834
608868,9.7234
609024,5.3313
609180,0.9232
609336,-3.4955
609492,-7.8502
609648,-12.2263
609804,-16.5223
609960,-20.6849
610116,-24.7407
610272,-28.6311
610428,-32.3028
610584,-35.8196
610740,-39.2457
610896,-42.6238
611052,-45.8312
611208,-48.9371
611364,-51.995
611520,-55.0209
611676,-57.8867
611832,-60.6511
611988,-63.2287
612144,-65.7903
612300,-68.3358
612456,-70.8547
612612,-73.2829
612768,-75.519
612924,-77.659
613080,-79.6229
613236,-81.3733
613392,-82.8249
613548,-84.095
613704,-85.0609
613860,-85.6533
614016,-85.9148
614172,-85.9521
614328,-85.7387
614484,-85.2797
614640,-84.5966
614796,-83.6841
614952,-82.4833
615108,-80.9997
615264,-79.2493
615420,-77.4882
615576,-75.6951
615732,-73.8166
615888,-71.8474
616044,-69.7927
616200,-67.6421
616356,-65.406
616512,-63.0472
616668,-60.4643
616824,-57.844
616980,-55.1063
617136,-52.1818
617292,-49.0919
617448,-45.8258
617604,-42.4584
617760,-38.9309
617916,-35.1472
618072,-31.1607
618228,-27.0675
618384,-22.8409
618540,-18.4755
618696,-14.0781
618852,-9.6647
619008,-5.2353
619164,-0.7952
619320,3.6236
619476,8.005
619632,12.4024
619788,16.6824
619944,20.829
620100,24.8475
620256,28.6845
620412,32.3081
620568,35.7983
620724,39.1977
620880,42.5011
621036,45.7138
621192,48.793
621348,51.8456
621504,54.8394
621660,57.7159
621816,60.523
621972,63.1273
622128,65.6942
622284,68.2665
622440,70.796
622596,73.2562
622752,75.5083
622908,77.6643
623064,79.6335
623220,81.3626
623376,82.7982
623532,84.0363
623688,84.9862
623844,85.5786
624000,85.8294
624156,85.8614
624312,85.68
624468,85.2103
624624,84.5379
624780,83.6467
624936,82.4726
625092,81.0531
625248,79.3133
625404,77.5576
625560,75.7911
625716,73.9126
625872,71.9274
626028,69.8568
626184,67.6901
626340,65.4274
626496,63.0205
626652,60.3842
626808,57.7586
626964,54.9889
627120,52.0484
627276,48.9371
627432,45.6818
627588,42.2983
627744,38.8402
627900,35.0992
628056,31.1607
628212,27.1369
628368,22.9369
628524,18.6409
628680,14.2969
628836,9.9262
628992,5.5394
629148,1.126
629304,-3.2927
629460,-7.6634
629616,-12.0662
629772,-16.3782
629928,-20.5515
630084,-24.6126
630240,-28.4924
630396,-32.1693
630552,-35.7075
630708,-39.1337
630864,-42.5224
631020,-45.7405
631176,-48.8144
631332,-51.9043
631488,-54.8928
631644,-57.7693
631800,-60.5657
631956,-63.1326
632112,-65.6835
632268,-68.2291
632424,-70.7373
632580,-73.1602
632736,-75.4176
632892,-77.5683
633048,-79.5481
633204,-81.3199
633360,-82.7822
633516,-84.0576
633672,-85.0236
633828,-85.6373
633984,-85.9094
634140,-85.9521
634296,-85.7493
634452,-85.3064
634608,-84.6393
634764,-83.7428
634920,-82.558
635076,-81.0851
635232,-79.34
635388,-77.5789
635544,-75.7858
635700,-73.902
635856,-71.9381
636012,-69.8995
636168,-67.7595
636324,-65.5127
636480,-63.1486
636636,-60.571
636792,-57.9507
636948,-55.213
637104,-52.2939
637260,-49.1986
637416,-45.9326
637572,-42.5651
637728,-39.0536
637884,-35.2806
638040,-31.2995
638196,-27.2276
638352,-23.001
638508,-18.6356
638664,-14.2435
638820,-9.8248
638976,-5.4007
639132,-0.9713
639288,3.4528
639444,7.8289
639600,12.2103
639756,16.5116
639912,20.6742
640068,24.7087
640224,28.5458
640380,32.18
640536,35.6702
640692,39.0696
640848,42.389
641004,45.5964
641160,48.6756
641316,51.7175
641472,54.7274
641628,57.5932
641784,60.4162
641940,63.0365
642096,65.6088
642252,68.1704
642408,70.684
642564,73.1335
642720,75.4069
642876,77.5629
643032,79.5428
643188,81.2986
643344,82.7395
643500,83.9989
643656,84.9542
643812,85.5572
643968,85.8187
644124,85.8507
644280,85.68
644436,85.221
644592,84.5433
644748,83.6841
644904,82.542
645060,81.1171
645216,79.388
645372,77.627
645528,75.8605
645684,73.9927
645840,72.0181
645996,69.9475
646152,67.7862
646308,65.5341
646464,63.1379
646620,60.5016
646776,57.8547
646932,55.0956
647088,52.1765
647244,49.0705
647400,45.7992
647556,42.4104
647712,38.9149
647868,35.2272
648024,31.2675
648180,27.2703
648336,23.1077
648492,18.8064
648648,14.441
648804,10.0596
648960,5.6729
649116,1.2541
649272,-3.1433
649428,-7.4927
649584,-11.9007
649740,-16.2074
649896,-20.386
650052,-24.4686
650208,-28.3643
650364,-32.0573
650520,-35.5688
650676,-39.0003
650832,-42.3997
650988,-45.6284
651144,-48.729
651300,-51.7815
651456,-54.8074
651612,-57.6732
651768,-60.4589
651924,-63.0419
652080,-65.6088
652236,-68.1597
652392,-70.6733
652548,-73.0961
652704,-75.3375
652860,-77.4829
653016,-79.4894
653172,-81.2505
653328,-82.7235
653484,-84.0149
653640,-85.0129
653796,-85.6373
653952,-85.9148
654108,-85.9521
654264,-85.776
654420,-85.3544
654576,-84.666
654732,-83.7748
654888,-82.6007
655044,-81.1545
655200,-79.4094
655356,-77.6376
655512,-75.8392
655668,-73.9607
655824,-71.9968
655980,-69.9422
656136,-67.8075
656292,-65.5715
656448,-63.2073
656604,-60.6404
656760,-58.0094
656916,-55.2664
657072,-52.3472
657228,-49.268
657384,-46.018
657540,-42.6505
657696,-39.155
657852,-35.4087
658008,-31.4222
658164,-27.345
658320,-23.1344
658476,-18.785
658632,-14.409
658788,-9.9956
658944,-5.5608
659100,-1.1207
659256,3.2981
659412,7.6688
659568,12.0715
659724,16.3675
659880,20.5354
660036,24.5646
660192,28.423
660348,32.0679
660504,35.5635
660660,38.9682
660816,42.2876
660972,45.495
661128,48.5796
661284,51.6321
661440,54.626
661596,57.4864
661752,60.3149
661908,62.9298
662064,65.4914
662220,68.0743
662376,70.6146
662532,73.0695
662688,75.3269
662844,77.4775
663000,79.4628
663156,81.2345
663312,82.6914
663468,83.9616
663624,84.9382
663780,85.5519
663936,85.8347
664092,85.8667
664248,85.7013
664404,85.2424
664560,84.5913
664716,83.7267
664872,82.5794
665028,81.1652
665184,79.4414
665340,77.6963
665496,75.9246
665652,74.0567
665808,72.0662
665964,70.0009
666120,67.8502
666276,65.6035
666432,63.1966
666588,60.5817
666744,57.94
666900,55.181
667056,52.2458
667212,49.1292
667368,45.8792
667524,42.5278
667680,39.075
667836,35.334
667992,31.4062
668148,27.3984
668304,23.2251
668460,18.9291
668616,14.5744
668772,10.2144
668928,5.8276
669084,1.4249
669240,-2.9939
669396,-7.3486
669552,-11.7246
669708,-16.0473
669864,-20.2366
670020,-24.3138
670176,-28.2095
670332,-31.8972
670488,-35.4354
670644,-38.8829
670800,-42.2663
670956,-45.495
671112,-48.5689
671268,-51.6748
671424,-54.6687
671580,-57.5451
671736,-60.3415
671892,-62.9405
672048,-65.4914
672204,-68.053
672360,-70.5719
672516,-73.0161
672672,-75.2682
672828,-77.4135
672984,-79.4094
673140,-81.1865
673296,-82.6808
673452,-83.9882
673608,-84.9809
673764,-85.6106
673920,-85.8934
674076,-85.9521
674232,-85.7654
674388,-85.3277
674544,-84.666
674700,-83.7748
674856,-82.606
675012,-81.1812
675168,-79.4361
675324,-77.6643
675480,-75.8765
675636,-74.0034
675792,-72.0555
675948,-70.0169
676104,-67.8822
676260,-65.6462
676416,-63.2927
676572,-60.7685
676728,-58.1161
676884,-55.3945
677040,-52.4913
677196,-49.4014
677352,-46.1514
677508,-42.7733
677664,-39.2938
677820,-35.5314
677976,-31.5663
678132,-27.5104
678288,-23.3052
678444,-18.9665
678600,-14.5797
678756,-10.1663
678912,-5.7582
679068,-1.3235
679224,3.0846
679380,7.45
679536,11.826
679692,16.1327
679848,20.3006
680004,24.3458
680160,28.2256
680316,31.8758
680472,35.398
680628,38.7975
680784,42.1275
680940,45.3349
681096,48.4195
681252,51.488
681408,54.4979
681564,57.3797
681720,60.2028
681876,62.8231
682032,65.4007
682188,67.9676
682344,70.5079
682500,72.9574
682656,75.2415
682812,77.3975
682968,79.3987
683124,81.1705
683280,82.6434
683436,83.9189
683592,84.9062
683748,85.5359
683904,85.8241
684060,85.8828
684216,85.7227
684372,85.285
684528,84.6286
684684,83.7748
684840,82.6541
684996,81.2505
685152,79.5375
685308,77.7764
685464,76.0206
685620,74.1688
685776,72.1996
685932,70.1343
686088,67.9729
686244,65.7209
686400,63.3247
686556,60.7151
686712,58.0628
686868,55.3144
687024,52.3792
687180,49.2733
687336,46.0126
687492,42.6612
687648,39.1764
687804,35.5101
687960,31.5663
688116,27.5691
688272,23.3959
688428,19.1052
688584,14.7665
688740,10.3905
688896,6.0037
689052,1.6117
689208,-2.7911
689364,-7.1565
689520,-11.5485
689676,-15.8712
689832,-20.0712
689988,-24.159
690144,-28.0815
690300,-31.7798
690456,-35.3233
690612,-38.7654
690768,-42.1596
690924,-45.4042
691080,-48.5155
691236,-51.5734
691392,-54.6046
691548,-57.4811
691704,-60.2882
691860,-62.8711
692016,-65.422
692172,-67.9729
692328,-70.4812
692484,-72.9094
692640,-75.1721
692796,-77.3281
692952,-79.324
693108,-81.1065
693264,-82.606
693420,-83.9242
693576,-84.9328
693732,-85.5786
693888,-85.8828
694044,-85.9468
694200,-85.776
694356,-85.3704
694512,-84.7087
694668,-83.8388
694824,-82.6968
694980,-81.2665
695136,-79.5375
695292,-77.7764
695448,-75.9726
695604,-74.1101
695760,-72.1569
695916,-70.129
696072,-68.0156
696228,-65.7903
696384,-63.4475
696540,-60.9126
696696,-58.2602
696852,-55.5385
697008,-52.6354
697164,-49.5508
697320,-46.3115
697476,-42.928
697632,-39.4325
697788,-35.7182
697944,-31.7531
698100,-27.6812
698256,-23.4866
698412,-19.1372
698568,-14.7398
698724,-10.3158
698880,-5.8917
699036,-1.4622
699192,2.9565
699348,7.3112
699504,11.6979
699660,16.01
699816,20.1992
699972,24.2604
700128,28.1455
700284,31.8065
700440,35.318
700596,38.7228
700752,42.0582
700908,45.2655
701064,48.3607
701220,51.4187
701376,54.4339
701532,57.3103
701688,60.1227
701844,62.759
702000,65.326
702156,67.8982
702312,70.4331
702468,72.888
702624,75.1721
702780,77.3228
702936,79.3347
703092,81.1171
703248,82.606
703404,83.9082
703560,84.8955
703716,85.5465
703872,85.8454
704028,85.8988
704184,85.76
704340,85.3331
704496,84.6713
704652,83.8281
704808,82.6861
704964,81.3092
705120,79.5962
705276,77.8351
705432,76.0526
705588,74.1901
705744,72.2263
705900,70.161
706056,68.0263
706212,65.7849
706368,63.4101
706524,60.8112
706680,58.1642
706836,55.4318
706992,52.518
707148,49.4334
707304,46.1887
707460,42.8266
707616,39.3952
707772,35.6755
707928,31.7531
708084,27.7453
708240,23.588
708396,19.3027
708552,14.9586
708708,10.5772
708864,6.1745
709020,1.7664
709176,-2.6523
709332,-7.023
709488,-11.3991
709644,-15.7218
709800,-19.9217
709956,-23.9936
710112,-27.9214
710268,-31.6357
710424,-35.1739
710580,-38.6107
710736,-42.0101
710892,-45.2655
711048,-48.3447
711204,-51.424
711360,-54.4552
711516,-57.337
711672,-60.1494
711828,-62.7377
711984,-65.294
712140,-67.8395
712296,-70.3638
712452,-72.808
712608,-75.0867
712764,-77.2481
712920,-79.2653
713076,-81.0584
713232,-82.5527
713388,-83.8815
713544,-84.9168
713700,-85.5946
713856,-85.9041
714012,-85.9788
714168,-85.8294
714324,-85.4238
714480,-84.7727
714636,-83.9135
714792,-82.7501
714948,-81.3413
715104,-79.6122
715260,-77.8351
715416,-76.0473
715572,-74.1795
715728,-72.2263
715884,-70.177
716040,-68.0637
716196,-65.833
716352,-63.4955
716508,-60.9926
716664,-58.3563
716820,-55.656
716976,-52.7635
717132,-49.7002
717288,-46.4716
717444,-43.1148
717600,-39.646
717756,-35.9263
717912,-31.9666
718068,-27.9
718224,-23.7001
718380,-19.3614
718536,-14.9693
718692,-10.5506
718848,-6.1318
719004,-1.6917
719160,2.7324
719316,7.1244
719472,11.5218
719628,15.8445
719784,20.0231
719940,24.0736
720096,27.9694
720252,31.641
720408,35.1472
720564,38.5466
720720,41.8874
720876,45.1267
721032,48.2167
721188,51.2479
721344,54.2791
721500,57.1556
721656,59.968
721812,62.5989
721968,65.1605
722124,67.7275
722280,70.273
722436,72.7439
722592,75.0387
722748,77.216
722904,79.2386
723060,81.0264
723216,82.5207
723372,83.8281
723528,84.8474
723684,85.5199
723840,85.8294
723996,85.9094
724152,85.7867
724308,85.3704
724464,84.714
724620,83.8708
724776,82.7448
724932,81.3733
725088,79.6709
725244,77.9258
725400,76.154
725556,74.3022
725712,72.3383
725868,70.2837
726024,68.1384
726180,65.8917
726336,63.5222
726492,60.9552
726648,58.3136
726804,55.5973
726960,52.6941
727116,49.6202
727272,46.3702
727428,42.9974
727584,39.5339
727740,35.8837
727896,31.9452
728052,27.932
728208,23.7695
728364,19.4628
728520,15.1081
728676,10.7213
728832,6.3346
728988,1.9265
729144,-2.4922
729300,-6.8523
729456,-11.2283
729612,-15.5457
729768,-19.751
729924,-23.8121
730080,-27.7239
730236,-31.4382
730392,-34.9818
730548,-38.4132
730704,-41.8073
730860,-45.068
731016,-48.2113
731172,-51.2425
731328,-54.3004
731484,-57.2036
731640,-60.0373
731796,-62.6523
731952,-65.2086
732108,-67.7541
732264,-70.2944
732420,-72.7386
732576,-75.0333
732732,-77.2
732888,-79.2226
733044,-81.0264
733200,-82.5473
733356,-83.8762
733512,-84.9062
733668,-85.5786
733824,-85.9148
733980,-86.0108
734136,-85.8614
734292,-85.4718
734448,-84.8421
734604,-83.9989
734760,-82.8515
734916,-81.4373
735072,-79.7136
735228,-77.9418
735384,-76.154
735540,-74.2969
735696,-72.3543
735852,-70.3157
736008,-68.2024
736164,-65.9557
736320,-63.6129
736476,-61.0993
736632,-58.4524
736788,-55.7627
736944,-52.8916
737100,-49.8177
737256,-46.5783
737412,-43.2216
737568,-39.7314
737724,-36.0331
737880,-32.084
738036,-28.0281
738192,-23.8282
738348,-19.4895
738504,-15.0974
738660,-10.668
738816,-6.2439
738972,-1.8091
739128,2.6203
739284,6.9857
739440,11.3617
739596,15.6791
739752,19.8684
739908,23.9296
740064,27.8253
740220,31.5023
740376,35.0191
740532,38.4292
740688,41.77
740844,44.9826
741000,48.0939
741156,51.1411
741312,54.167
741468,57.0542
741624,59.8986
741780,62.5616
741936,65.1285
742092,67.7008
742248,70.241
742404,72.7119
742560,75.0067
742716,77.184
742872,79.2013
743028,80.989
743184,82.5047
743340,83.8228
743496,84.8368
743652,85.4985
743808,85.8294
743964,85.9094
744120,85.792
744276,85.3811
744432,84.7354
744588,83.9082
744744,82.7982
744900,81.448
745056,79.7509
745212,77.9845
745368,76.2234
745524,74.3716
745680,72.4077
745836,70.3478
745992,68.2024
746148,65.977
746304,63.6129
746460,61.046
746616,58.367
746772,55.6506
746928,52.7368
747084,49.6682
747240,46.4235
747396,43.0668
747552,39.646
747708,35.9797
747864,32.0573
748020,28.0548
748176,23.9082
748332,19.6229
748488,15.2735
748644,10.8921
748800,6.5107
748956,2.1187
749112,-2.2841
749268,-6.6495
749424,-11.0362
749580,-15.3642
749736,-19.5695
749892,-23.6574
750048,-27.6118
750204,-31.3368
750360,-34.8857
750516,-38.3278
750672,-41.722
750828,-44.9933
750984,-48.0832
751140,-51.1838
751296,-54.2151
751452,-57.1075
751608,-59.9413
751764,-62.5562
751920,-65.1232
752076,-67.6954
752232,-70.209
752388,-72.6532
752544,-74.948
752700,-77.12
752856,-79.1532
753012,-80.9677
753168,-82.4886
753324,-83.8388
753480,-84.8848
753636,-85.5786
753792,-85.9094
753948,-86.0002
754104,-85.8667
754260,-85.4718
754416,-84.8314
754572,-83.9989
754728,-82.8675
754884,-81.48
755040,-79.767
755196,-77.9898
755352,-76.2021
755508,-74.3449
755664,-72.413
755820,-70.3744
755976,-68.2665
756132,-66.0518
756288,-63.7196
756444,-61.2167
756600,-58.5698
756756,-55.8694
756912,-52.9876
757068,-49.9297
757224,-46.6957
757380,-43.3496
757536,-39.8701
757692,-36.1612
757848,-32.2174
758004,-28.1508
758160,-23.9509
758316,-19.6282
758472,-15.2468
758628,-10.8174
758784,-6.388
758940,-1.9532
759096,2.4602
759252,6.8363
759408,11.2176
759564,15.5243
759720,19.7189
759876,23.7748
760032,27.6759
760188,31.3582
760344,34.8804
760500,38.2851
760656,41.6419
760812,44.8599
760968,47.9765
761124,51.0237
761280,54.071
761436,56.9474
761592,59.7865
761748,62.4495
761904,65.0218
762060,67.594
762216,70.1556
762372,72.6318
762528,74.9319
762684,77.104
762840,79.1372
762996,80.941
763152,82.462
763308,83.7748
763464,84.8208
763620,85.4985
763776,85.8241
763932,85.9094
764088,85.792
764244,85.4078
764400,84.7621
764556,83.9402
764712,82.8355
764868,81.4907
765024,79.8096
765180,78.0432
765336,76.2714
765492,74.425
765648,72.4771
765804,70.4278
765960,68.2985
766116,66.0678
766272,63.7196
766428,61.1367
766584,58.4684
766740,55.7627
766896,52.8702
767052,49.7963
767208,46.557
767364,43.2002
767520,39.7634
767676,36.1291
767832,32.2067
767988,28.1882
768144,24.047
768300,19.767
768456,15.4336
768612,11.0575
768768,6.6708
768924,2.2734
769080,-2.1453
769236,-6.5161
769392,-10.8868
769548,-15.2095
769704,-19.4147
769860,-23.524
770016,-27.4678
770172,-31.2034
770328,-34.7523
770484,-38.2051
770640,-41.6099
770796,-44.8813
770952,-48.0192
771108,-51.0558
771264,-54.1297
771420,-57.0275
771576,-59.8559
771732,-62.4869
771888,-65.0325
772044,-67.594
772200,-70.1396
772356,-72.5945
772512,-74.8732
772668,-77.0453
772824,-79.0785
772980,-80.8983
773136,-82.4299
773292,-83.7641
773448,-84.8368
773604,-85.5465
773760,-85.8934
773916,-85.9948
774072,-85.8667
774228,-85.4932
774384,-84.8688
774540,-84.0363
774696,-82.9156
774852,-81.5441
775008,-79.831
775164,-78.0646
775320,-76.2821
775476,-74.4356
775632,-72.4878
775788,-70.4545
775944,-68.3358
776100,-66.1051
776256,-63.7837
776412,-61.2861
776568,-58.6498
776724,-55.9388
776880,-53.0677
777036,-50.0151
777192,-46.7918
777348,-43.4404
777504,-39.9662
777660,-36.3213
777816,-32.3721
777972,-28.3109
778128,-24.1217
778284,-19.783
778440,-15.4069
778596,-11.0042
778752,-6.6014
778908,-2.1827
779064,2.2361
779220,6.6281
779376,11.0202
779532,15.3482
779688,19.5375
779844,23.5987
780000,27.5318
780156,31.2248
780312,34.7469
780468,38.1624
780624,41.5405
780780,44.7745
780936,47.9071
781092,50.9384
781248,53.9749
781404,56.8834
781560,59.7225
781716,62.3855
781872,64.9524
782028,67.5247
782184,70.0596
782340,72.5358
782496,74.8519
782652,77.0346
782808,79.0625
782964,80.877
783120,82.3926
783276,83.7107
783432,84.7621
783588,85.4612
783744,85.8134
783900,85.9041
784056,85.8027
784212,85.4078
784368,84.7781
784524,83.9722
784680,82.8836
784836,81.5547
784992,79.8844
785148,78.1286
785304,76.3568
785460,74.5103
785616,72.5625
785772,70.5132
785928,68.3839
786084,66.1478
786240,63.7997
786396,61.2488
786552,58.5698
786708,55.8587
786864,52.9609
787020,49.8924
787176,46.669
787332,43.3229
787488,39.8915
787644,36.2679
787800,32.3508
787956,28.3696
788112,24.2124
788268,19.9377
788424,15.599
788580,11.2283
788736,6.8469
788892,2.4655
789048,-1.9319
789204,-6.3133
789360,-10.6947
789516,-15.0494
789672,-19.2653
789828,-23.3639
789984,-27.313
790140,-31.054
790296,-34.6189
790452,-38.0717
790608,-41.4711
790764,-44.7638
790920,-47.8591
791076,-50.9544
791232,-53.9909
791388,-56.8941
791544,-59.7385
791700,-62.3695
791856,-64.9204
792012,-67.4766
792168,-69.9955
792324,-72.4664
792480,-74.7772
792636,-76.9385
792792,-78.9878
792948,-80.8076
793104,-82.3659
793260,-83.7161
793416,-84.7941
793572,-85.5039
793728,-85.8667
793884,-85.9681
794040,-85.8561
794196,-85.4932
794352,-84.8581
794508,-84.0523
794664,-82.9529
794820,-81.5974
794976,-79.9004
795132,-78.1286
795288,-76.3408
795444,-74.4943
795600,-72.5678
795756,-70.5452
795912,-68.4426
796068,-66.2279
796224,-63.9118
796380,-61.4195
796536,-58.7619
796692,-56.0775
796848,-53.2171
797004,-50.1699
797160,-46.9465
797316,-43.5791
797472,-40.121
797628,-36.4654
797784,-32.5322
797940,-28.4924
798096,-24.3031
798252,-19.9858
798408,-15.599
798564,-11.191
798720,-6.7829
798876,-2.3588
799032,2.076
799188,6.4574
799344,10.8227
799500,15.1668
799656,19.3614
799812,23.4439
799968,27.3717
800124,31.0647
800280,34.6082
800436,38.0183
800592,41.3911
800748,44.6198
800904,47.7524
801060,50.7996
801216,53.8308
801372,56.7126
801528,59.5624
801684,62.2574
801840,64.8137
801996,67.3859
802152,69.9262
802308,72.4077
802464,74.7345
802620,76.9279
802776,78.9718
802932,80.7809
803088,82.3446
803244,83.668
803400,84.7354
803556,85.4398
803712,85.808
803868,85.9041
804024,85.792
804180,85.4131
804336,84.7941
804492,83.9989
804648,82.9369
804804,81.6134
804960,79.9484
805116,78.1926
805272,76.4315
805428,74.5904
805584,72.6425
805740,70.5986
805896,68.4799
806052,66.2706
806208,63.9331
806364,61.3875
806520,58.7032
806676,55.9868
806832,53.0944
806988,50.0258
807144,46.7971
807300,43.451
807456,39.9982
807612,36.38
807768,32.4789
807924,28.4977
808080,24.3885
808236,20.1032
808392,15.7538
808548,11.3991
808704,7.0177
808860,2.631
809016,-1.7718
809172,-6.1532
809328,-10.5132
809484,-14.8519
809640,-19.0732
809796,-23.1771
809952,-27.1422
810108,-30.8832
810264,-34.4428
810420,-37.9009
810576,-41.3164
810732,-44.6037
810888,-47.747
811044,-50.8049
811200,-53.8682
811356,-56.766
811512,-59.6051
811668,-62.2627
811824,-64.8297
811980,-67.3806
812136,-69.9155
812292,-72.381
812448,-74.6918
812604,-76.8691
812760,-78.9131
812916,-80.7222
813072,-82.2752
813228,-83.636
813384,-84.7354
813540,-85.4718
813696,-85.8507
813852,-85.9681
814008,-85.8561
814164,-85.4932
814320,-84.8795
814476,-84.0683
814632,-82.985
814788,-81.6561
814944,-79.9804
815100,-78.214
815256,-76.4422
815412,-74.5957
815568,-72.6692
815724,-70.6359
815880,-68.528
816036,-66.3186
816192,-64.0132
816348,-61.5423
816504,-58.8846
816660,-56.195
816816,-53.3398
816972,-50.2926
817128,-47.08
817284,-43.7179
817440,-40.249
817596,-36.5934
817752,-32.6657
817908,-28.6151
818064,-24.4632
818220,-20.1512
818376,-15.7805
818532,-11.3724
818688,-6.9537
818844,-2.5349
819000,1.8838
819156,6.2706
819312,10.6359
819468,14.9693
819624,19.1639
819780,23.2411
819936,27.1849
820092,30.9152
820248,34.4641
820404,37.8742
820560,41.231
820716,44.4757
820872,47.6029
821028,50.6662
821184,53.7134
821340,56.6166
821496,59.4663
821652,62.1507
821808,64.7123
821964,67.2792
822120,69.8194
822276,72.3063
822432,74.6384
822588,76.8425
822744,78.9024
822900,80.7329
823056,82.2805
823212,83.588
823368,84.6713
823524,85.3971
823680,85.7707
823836,85.8721
823992,85.792
824148,85.4505
824304,84.8208
824460,84.0203
824616,82.9689
824772,81.6668
824928,80.0178
825084,78.2513
825240,76.5009
825396,74.6811
825552,72.7546
825708,70.716
825864,68.592
826020,66.3666
826176,64.0398
826332,61.4943
826488,58.8046
826644,56.0882
826800,53.2171
826956,50.1645
827112,46.9465
827268,43.6165
827424,40.1797
827580,36.5561
827736,32.655
827892,28.6632
828048,24.5539
828204,20.3006
828360,15.9833
828516,11.6232
828672,7.2365
828828,2.8444
828984,-1.569
829140,-5.9504
829296,-10.3371
829452,-14.6811
829608,-18.9078
829764,-22.9903
829920,-26.9714
830076,-30.7445
830232,-34.3254
830388,-37.7995
830544,-41.215
830700,-44.513
830856,-47.6243
831012,-50.7249
831168,-53.7775
831324,-56.6753
831480,-59.5357
831636,-62.188
831792,-64.7389
831948,-67.3059
832104,-69.8301
832260,-72.301
832416,-74.6171
832572,-76.7838
832728,-78.8544
832884,-80.6902
833040,-82.2538
833196,-83.5987
833352,-84.7087
833508,-85.4718
833664,-85.8614
833820,-85.9735
833976,-85.8667
834132,-85.5252
834288,-84.9382
834444,-84.1377
834600,-83.0437
834756,-81.7148
834912,-80.0498
835068,-78.278
835224,-76.5169
835380,-74.6651
835536,-72.7386
835692,-70.7213
835848,-68.608
836004,-66.3933
836160,-64.0825
836316,-61.6117
836472,-58.9593
836628,-56.259
836784,-53.4146
836940,-50.3727
837096,-47.1707
837252,-43.8193
837408,-40.3611
837564,-36.7375
837720,-32.8097
837876,-28.7806
838032,-24.6393
838188,-20.338
838344,-15.9619
838500,-11.5592
838656,-7.1511
838812,-2.711
838968,1.7131
839124,6.0998
839280,10.4705
839436,14.8199
839592,19.0465
839748,23.1397
839904,27.0942
840060,30.8192
840216,34.3841
840372,37.8049
840528,41.1883
840684,44.4223
840840,47.5656
840996,50.5968
841152,53.6494
841308,56.5312
841464,59.3916
841620,62.0759
841776,64.6429
841932,67.2098
842088,69.7447
842244,72.2263
842400,74.5744
842556,76.7571
842712,78.8224
842868,80.6688
843024,82.2432
843180,83.5773
843336,84.6767
843492,85.4025
843648,85.792
843804,85.9041
843960,85.8134
844116,85.4718
844272,84.8635
844428,84.079
844584,83.033
844740,81.7255
844896,80.0818
845052,78.31
845208,76.5543
845364,74.7291
845520,72.7973
845676,70.7587
845832,68.64
845988,66.42
846144,64.0825
846300,61.553
846456,58.8793
846612,56.1629
846768,53.2972
846924,50.2499
847080,47.0426
847236,43.7179
847392,40.2811
847548,36.6735
847704,32.7991
847860,28.8179
848016,24.7247
848172,20.4714
848328,16.138
848484,11.7727
848640,7.3913
848796,3.0045
848952,-1.3982
849108,-5.7903
849264,-10.1717
849420,-14.5317
849576,-18.769
849732,-22.8889
849888,-26.8754
850044,-30.6484
850200,-34.2346
850356,-37.7088
850512,-41.1189
850668,-44.4276
850824,-47.5763
850980,-50.6128
851136,-53.6814
851292,-56.5685
851448,-59.4023
851604,-62.0653
851760,-64.6162
851916,-67.1778
852072,-69.7127
852228,-72.1729
852384,-74.489
852540,-76.6824
852696,-78.7583
852852,-80.6048
853008,-82.2058
853164,-83.5613
853320,-84.7034
853476,-85.4718
853632,-85.8721
853788,-85.9948
853944,-85.8934
854100,-85.5626
854256,-84.9809
854412,-84.1697
854568,-83.1024
854724,-81.7842
854880,-80.1138
855036,-78.3207
855192,-76.5383
855348,-74.6971
855504,-72.7706
855660,-70.7694
855816,-68.6721
855972,-66.468
856128,-64.1626
856284,-61.6917
856440,-59.0501
856596,-56.3551
856752,-53.5426
856908,-50.5168
857064,-47.3201
857220,-43.9954
857376,-40.5372
857532,-36.903
857688,-32.9859
857844,-28.9353
858000,-24.7994
858156,-20.5034
858312,-16.1434
858468,-11.746
858624,-7.3219
858780,-2.8818
858936,1.5423
859092,5.945
859248,10.3158
859404,14.6598
859560,18.8864
859716,22.9529
859872,26.9181
860028,30.6591
860184,34.2133
860340,37.6394
860496,41.0122
860652,44.2569
860808,47.4055
860964,50.4581
861120,53.5053
861276,56.4084
861432,59.2582
861588,61.9639
861744,64.5255
861900,67.1031
862056,69.654
862212,72.1409
862368,74.4943
862524,76.693
862680,78.7583
862836,80.6101
862992,82.1845
863148,83.5186
863304,84.6233
863460,85.3864
863616,85.7867
863772,85.9041
863928,85.8187
864084,85.4878
864240,84.8795
864396,84.1163
864552,83.065
864708,81.7789
864864,80.1459
865020,78.3794
865176,76.629
865332,74.7932
865488,72.8613
865644,70.8281
865800,68.7147
865956,66.4894
866112,64.1679
866268,61.6597
866424,58.9807
866580,56.2803
866736,53.4199
866892,50.3567
867048,47.16
867204,43.8406
867360,40.4198
867516,36.8336
867672,32.9485
867828,28.9674
867984,24.8635
868140,20.5995
868296,16.2821
868452,11.9114
868608,7.546
868764,3.154
868920,-1.2701
869076,-5.6515
869232,-10.0222
869388,-14.393
869544,-18.6303
869700,-22.7288
869856,-26.7153
870012,-30.4883
870168,-34.0745
870324,-37.5647
870480,-40.9695
870636,-44.2622
870792,-47.3948
870948,-50.4794
871104,-53.548
871260,-56.4458
871416,-59.3062
871572,-61.9639
871728,-64.5148
871884,-67.0764
872040,-69.606
872196,-72.0768
872352,-74.4143
872508,-76.6183
872664,-78.6943
872820,-80.5568
872976,-82.1471
873132,-83.5079
873288,-84.6447
873444,-85.4398
873600,-85.8507
873756,-85.9788
873912,-85.8988
874068,-85.5679
874224,-84.9809
874380,-84.191
874536,-83.1237
874692,-81.8056
874848,-80.1459
875004,-78.3688
875160,-76.5916
875316,-74.7612
875472,-72.84
875628,-70.8334
875784,-68.7468
875940,-66.5481
876096,-64.2533
876252,-61.7984
876408,-59.1621
876564,-56.4725
876720,-53.644
876876,-50.6288
877032,-47.4375
877188,-44.1181
877344,-40.676
877500,-37.0577
877656,-33.1406
877812,-29.1168
877968,-24.9542
878124,-20.6635
878280,-16.2821
878436,-11.8687
878592,-7.4553
878748,-3.0312
878904,1.3875
879060,5.7796
879216,10.1557
879372,14.505
879528,18.7477
879684,22.8462
879840,26.8007
879996,30.531
880152,34.0745
880308,37.506
880464,40.9001
880620,44.1395
880776,47.2721
880932,50.3033
881088,53.3612
881244,56.275
881400,59.1248
881556,61.8411
881712,64.4027
881868,66.9803
882024,69.5206
882180,72.0288
882336,74.3823
882492,76.581
882648,78.6676
882804,80.5248
882960,82.1524
883116,83.4813
883272,84.602
883428,85.3704
883584,85.776
883740,85.9041
883896,85.8294
884052,85.5039
884208,84.9115
884364,84.1323
884520,83.1024
884676,81.8322
884832,80.2099
884988,78.4435
885144,76.6824
885300,74.8679
885456,72.9467
885612,70.9188
885768,68.8161
885924,66.6014
886080,64.2907
886236,61.7824
886392,59.0928
886548,56.3711
886704,53.5213
886860,50.4847
887016,47.2988
887172,43.9633
887328,40.5479
887484,36.9777
887640,33.1086
887796,29.1114
887952,25.0342
888108,20.7863
888264,16.4582
888420,12.0982
888576,7.7328
888732,3.3568
888888,-1.0567
889044,-5.438
889200,-9.7928
889356,-14.1688
889512,-18.4221
889668,-22.5527
889824,-26.5605
889980,-30.3442
890136,-33.9411
890292,-37.4046
890448,-40.8201
890604,-44.1608
890760,-47.3041
890916,-50.3353
891072,-53.4092
891228,-56.323
891384,-59.1781
891540,-61.8571
891696,-64.4134
891852,-66.9697
892008,-69.4992
892164,-71.9701
892320,-74.3236
892476,-76.5169
892632,-78.6089
892788,-80.4767
892944,-82.1151
893100,-83.4866
893256,-84.634
893412,-85.4398
893568,-85.8561
893724,-85.9895
893880,-85.9148
894036,-85.5946
894192,-85.0236
894348,-84.2337
894504,-83.1824
894660,-81.8749
894816,-80.2312
894972,-78.4488
895128,-76.6717
895284,-74.8359
895440,-72.92
895596,-70.9241
895752,-68.8375
895908,-66.6388
896064,-64.3494
896220,-61.8998
896376,-59.2742
896532,-56.5845
896688,-53.7668
896844,-50.7569
897000,-47.5709
897156,-44.2622
897312,-40.7987
897468,-37.1911
897624,-33.2954
897780,-29.2822
897936,-25.1463
898092,-20.8503
898248,-16.4849
898404,-12.0662
898560,-7.6474
898716,-3.2073
898872,1.2061
899028,5.5981
899184,9.9422
899340,14.2969
899496,18.5449
899652,22.6541
899808,26.6192
899964,30.3709
900120,33.9304
900276,37.3672
900432,40.7614
900588,44.0007
900744,47.1707
900900,50.2019
901056,53.2491
901212,56.1629
901368,59.0127
901524,61.7397
901680,64.312
901836,66.8843
901992,69.4352
902148,71.9327
902304,74.2862
902460,76.4849
902616,78.5662
902772,80.4394
902928,82.0724
903084,83.4279
903240,84.5593
903396,85.3598
903552,85.7814
903708,85.9201
903864,85.8507
904020,85.5305
904176,84.9542
904332,84.1804
904488,83.1611
904644,81.8909
904800,80.2846
904956,78.5235
905112,76.7571
905268,74.9373
905424,73.0054
905580,70.9775
905736,68.8802
905892,66.6815
906048,64.376
906204,61.8945
906360,59.2262
906516,56.5098
906672,53.6654
906828,50.6448
906984,47.4695
907140,44.1661
907296,40.7453
907452,37.1751
907608,33.3167
907764,29.3302
907920,25.2424
908076,20.9944
908232,16.661
908388,12.3063
908544,7.9409
908700,3.5489
908856,-0.8592
909012,-5.2566
909168,-9.6166
909324,-14.0087
909480,-18.2674
909636,-22.3873
909792,-26.3844
909948,-30.1788
910104,-33.7757
910260,-37.2392
910416,-40.6546
910572,-44.006
910728,-47.1387
910884,-50.2072
911040,-53.2705
911196,-56.1683
911352,-59.0287
911508,-61.7077
911664,-64.2586
911820,-66.8202
911976,-69.3551
912132,-71.8367
912288,-74.1901
912444,-76.3888
912600,-78.4862
912756,-80.3647
912912,-82.0404
913068,-83.4065
913224,-84.5646
913380,-85.3811
913536,-85.8241
913692,-85.9842
913848,-85.9201
914004,-85.6052
914160,-85.0236
914316,-84.2497
914472,-83.2144
914628,-81.9176
914784,-80.2953
914940,-78.5075
915096,-76.7357
915252,-74.9159
915408,-73.0161
915564,-71.0148
915720,-68.9496
915876,-66.7509
916032,-64.4828
916188,-62.0599
916344,-59.4503
916500,-56.782
916656,-53.9749
916812,-50.9757
916968,-47.7897
917124,-44.465
917280,-41.0122
917436,-37.4153
917592,-33.5035
917748,-29.485
917904,-25.3384
918060,-21.0531
918216,-16.6717
918372,-12.2583
918528,-7.8502
918684,-3.4315
918840,0.9819
918996,5.3793
919152,9.7287
919308,14.0941
919464,18.3314
919620,22.4353
919776,26.4058
919932,30.1468
920088,33.701
920244,37.1378
920400,40.5265
920556,43.8086
920712,46.9732
920868,50.0098
921024,53.057
921180,55.9922
921336,58.8366
921492,61.5636
921648,64.1412
921804,66.7135
921960,69.2591
922116,71.762
922272,74.1475
922428,76.3622
922584,78.4701
922740,80.354
922896,81.9977
923052,83.3585
923208,84.5166
923364,85.3171
923520,85.7547
923676,85.9201
923832,85.8667
923988,85.5732
924144,84.9755
924300,84.2017
924456,83.1984
924612,81.9336
924768,80.354
924924,78.5929
925080,76.8371
925236,75.028
925392,73.1068
925548,71.0842
925704,68.9816
925860,66.7722
926016,64.4828
926172,62.0119
926328,59.3543
926484,56.6646
926640,53.8201
926796,50.8049
926952,47.619
927108,44.2996
927264,40.8734
927420,37.3032
927576,33.4662
927732,29.4957
927888,25.4292
928044,21.1812
928200,16.8585
928356,12.4984
928512,8.1224
928668,3.7357
928824,-0.6564
928980,-5.0485
929136,-9.3872
929292,-13.7632
929448,-18.0326
929604,-22.1685
929760,-26.1763
929916,-29.992
930072,-33.5942
930228,-37.0737
930384,-40.4892
930540,-43.8566
930696,-47.0319
930852,-50.0952
931008,-53.1691
931164,-56.1149
931320,-58.9593
931476,-61.6597
931632,-64.2053
931788,-66.7669
931944,-69.3018
932100,-71.7833
932256,-74.1421
932412,-76.3408
932568,-78.4328
932724,-80.3273
932880,-81.9817
933036,-83.3745
933192,-84.5539
933348,-85.3918
933504,-85.8507
933660,-86.0055
933816,-85.9575
933972,-85.664
934128,-85.1143
934284,-84.3351
934440,-83.3052
934596,-82.0137
934752,-80.3807
934908,-78.6089
935064,-76.8371
935220,-75.0067
935376,-73.0855
935532,-71.0682
935688,-68.9976
935844,-66.8042
936000,-64.5308
936156,-62.1026
936312,-59.4877
936468,-56.814
936624,-54.0069
936780,-51.0237
936936,-47.8378
937092,-44.529
937248,-41.0655
937404,-37.4846
937560,-33.5996
937716,-29.5811
937872,-25.4718
938028,-21.1758
938184,-16.8105
938340,-12.397
938496,-7.9836
938652,-3.5649
938808,0.8379
938964,5.2406
939120,9.574
939276,13.934
939432,18.1713
939588,22.3072
939744,26.3044
939900,30.0774
940056,33.6583
940212,37.0951
940368,40.4892
940524,43.7445
940680,46.9305
940836,49.9778
940992,53.0463
941148,55.9655
941304,58.8206
941460,61.5583
941616,64.1252
941772,66.6975
941928,69.2431
942084,71.746
942240,74.1154
942396,76.3195
942552,78.4221
942708,80.306
942864,81.9657
943020,83.3372
943176,84.4899
943332,85.3064
943488,85.76
943644,85.9255
943800,85.8828
943956,85.5946
944112,85.0129
944268,84.2764
944424,83.2678
944580,82.003
944736,80.4127
944892,78.6463
945048,76.8905
945204,75.0707
945360,73.1548
945516,71.1322
945672,69.0349
945828,66.8362
945984,64.5415
946140,62.0706
946296,59.4023
946452,56.7073
946608,53.8842
946764,50.885
946920,47.7204
947076,44.417
947232,41.0015
947388,37.4366
947544,33.5622
947700,29.6131
947856,25.5412
948012,21.2986
948168,16.9706
948324,12.6052
948480,8.2184
948636,3.8157
948792,-0.5764
948948,-4.9684
949104,-9.3178
949260,-13.6885
949416,-17.9525
949572,-22.1044
949728,-26.1283
949884,-29.9386
950040,-33.5302
950196,-37.015
950352,-40.4358
950508,-43.7819
950664,-46.9519
950820,-50.0044
950976,-53.0944
951132,-56.0135
951288,-58.8793
951444,-61.5796
951600,-64.1359
951756,-66.7028
951912,-69.2431
952068,-71.7246
952224,-74.0834
952380,-76.2714
952536,-78.3688
952692,-80.2686
952848,-81.923
953004,-83.3158
953160,-84.4952
953316,-85.3331
953472,-85.8027
953628,-85.9788
953784,-85.9255
953940,-85.6319
954096,-85.0823
954252,-84.3245
954408,-83.2998
954564,-82.0404
954720,-80.4287
954876,-78.6676
955032,-76.8905
955188,-75.0547
955344,-73.1442
955500,-71.1536
955656,-69.0776
955812,-66.9003
955968,-64.6215
956124,-62.2094
956280,-59.5944
956436,-56.9101
956592,-54.1083
956748,-51.1251
956904,-47.9658
957060,-44.6411
957216,-41.1936
957372,-37.6127
957528,-33.733
957684,-29.7252
957840,-25.5999
957996,-21.3199
958152,-16.9545
958308,-12.5358
958464,-8.117
958620,-3.6823
958776,0.7258
958932,5.1285
959088,9.4565
959244,13.8166
959400,18.0486
959556,22.1738
959712,26.187
959868,29.9493
960024,33.5355
960180,36.967
960336,40.3558
960492,43.6325
960648,46.8024
960804,49.8497
960960,52.9289
961116,55.8534
961272,58.7139
961428,61.4516
961584,64.0238
961740,66.6014
961896,69.1577
962052,71.6606
962208,74.0354
962364,76.2501
962520,78.3527
962676,80.2419
962832,81.8963
962988,83.2731
963144,84.4205
963300,85.2424
963456,85.7173
963612,85.8934
963768,85.8614
963924,85.5839
964080,85.0236
964236,84.2818
964392,83.2838
964548,82.0457
964704,80.4874
964860,78.7263
965016,76.9652
965172,75.1721
965328,73.2722
965484,71.2443
965640,69.1417
965796,66.9483
965952,64.6589
966108,62.188
966264,59.5144
966420,56.8193
966576,53.9802
966732,50.9864
966888,47.8057
967044,44.5023
967200,41.0816
967356,37.5327
967512,33.6743
967668,29.7038
967824,25.6373
967980,21.4107
968136,17.104
968292,12.7493
968448,8.3839
968604,4.0025
968760,-0.4002
968916,-4.7923
969072,-9.1257
969228,-13.4964
969384,-17.755
969540,-21.8963
969696,-25.9201
969852,-29.7465
970008,-33.3808
970164,-36.8656
970320,-40.2917
970476,-43.6538
970632,-46.8238
970788,-49.8977
970944,-52.9823
971100,-55.9441
971256,-58.8099
971412,-61.5103
971568,-64.0665
971724,-66.6334
971880,-69.1737
972036,-71.6552
972192,-74.014
972348,-76.2074
972504,-78.2994
972660,-80.1885
972816,-81.8536
972972,-83.2465
973128,-84.4365
973284,-85.2957
973440,-85.7814
973596,-85.9628
973752,-85.9255
973908,-85.6319
974064,-85.1036
974220,-84.3725
974376,-83.3692
974532,-82.1097
974688,-80.5141
974844,-78.7477
975000,-76.9652
975156,-75.1401
975312,-73.2349
975468,-71.2336
975624,-69.1684
975780,-66.991
975936,-64.7176
976092,-62.2841
976248,-59.6745
976404,-56.9955
976560,-54.2044
976716,-51.2105
976872,-48.0406
977028,-44.7532
977184,-41.327
977340,-37.7408
977496,-33.8664
977652,-29.8586
977808,-25.7387
977964,-21.4587
978120,-17.088
978276,-12.6799
978432,-8.2718
978588,-3.8531
978744,0.539
978900,4.9471
979056,9.2911
979212,13.6618
979368,17.9098
979524,22.0404
979680,26.0322
979836,29.8052
979992,33.3914
980148,36.8496
980304,40.2437
980460,43.5311
980616,46.7117
980772,49.759
980928,52.8222
981084,55.7734
981240,58.6338
981396,61.3822
981552,63.9544
981708,66.5267
981864,69.0776
982020,71.5805
982176,73.9767
982332,76.1807
982488,78.2727
982644,80.1779
982800,81.8536
982956,83.2411
983112,84.3992
983268,85.237
983424,85.712
983580,85.8988
983736,85.8721
983892,85.5999
984048,85.0396
984204,84.3084
984360,83.3425
984516,82.1151
984672,80.5408
984828,78.785
984984,77.0293
985140,75.2201
985296,73.3096
985452,71.3084
985608,69.2217
985764,67.0337
985920,64.7549
986076,62.2734
986232,59.6157
986388,56.9207
986544,54.1137
986700,51.1198
986856,47.9445
987012,44.6411
987168,41.2256
987324,37.6981
987480,33.8344
987636,29.8532
987792,25.7867
987948,21.5601
988104,17.2427
988260,12.8773
988416,8.4853
988572,4.1039
988728,-0.2828
988884,-4.6802
989040,-9.0189
989196,-13.4003
989352,-17.659
989508,-21.8056
989664,-25.8294
989820,-29.6451
989976,-33.2634
990132,-36.7642
990288,-40.1957
990444,-43.5684
990600,-46.7331
990756,-49.8016
990912,-52.8969
991068,-55.8427
991224,-58.7192
991380,-61.4302
991536,-63.9811
991692,-66.5481
991848,-69.083
992004,-71.5538
992160,-73.9126
992316,-76.1113
992472,-78.2193
992628,-80.1245
992784,-81.7895
992940,-83.2038
993096,-84.3992
993252,-85.2584
993408,-85.744
993564,-85.9308
993720,-85.9201
993876,-85.6586
994032,-85.125
994188,-84.3778
994344,-83.3799
994500,-82.1364
994656,-80.5568
994812,-78.785
994968,-77.0079
995124,-75.1934
995280,-73.2936
995436,-71.303
995592,-69.2484
995748,-67.0817
995904,-64.819
996060,-62.3908
996216,-59.7758
996372,-57.1022
996528,-54.3165
996684,-51.3546
996840,-48.1846
996996,-44.8919
997152,-41.4551
997308,-37.8796
997464,-33.9838
997620,-29.9813
997776,-25.8561
997932,-21.5921
998088,-17.2321
998244,-12.8293
